No,frame,x,y
0,27,116,128
1,27,113,139
2,27,112,151
3,27,112,163
4,27,113,175
5,27,117,186
6,27,122,196
7,27,128,205
8,27,137,209
9,27,148,209
10,27,160,206
11,27,172,200
12,27,182,192
13,27,190,180
14,27,194,167
15,27,197,154
16,27,198,140
17,27,120,109
18,27,122,103
19,27,128,101
20,27,135,101
21,27,140,105
22,27,153,106
23,27,161,104
24,27,170,105
25,27,177,111
26,27,181,119
27,27,144,118
28,27,142,126
29,27,140,133
30,27,138,141
31,27,132,149
32,27,135,151
33,27,139,153
34,27,144,153
35,27,149,152
36,27,125,118
37,27,129,115
38,27,133,116
39,27,137,120
40,27,132,120
41,27,128,120
42,27,157,123
43,27,161,120
44,27,167,121
45,27,171,126
46,27,166,125
47,27,161,124
48,27,128,171
49,27,131,166
50,27,135,164
51,27,139,166
52,27,142,165
53,27,149,169
54,27,155,176
55,27,148,181
56,27,141,183
57,27,138,182
58,27,134,181
59,27,130,177
60,27,130,171
61,27,135,168
62,27,138,169
63,27,142,169
64,27,153,175
65,27,142,177
66,27,138,177
67,27,135,175
0,28,116,127
1,28,114,139
2,28,113,151
3,28,113,163
4,28,114,175
5,28,117,186
6,28,123,196
7,28,128,203
8,28,137,208
9,28,148,208
10,28,160,205
11,28,172,200
12,28,182,192
13,28,190,181
14,28,195,168
15,28,198,154
16,28,200,140
17,28,120,108
18,28,123,103
19,28,129,100
20,28,135,100
21,28,141,103
22,28,153,105
23,28,161,102
24,28,171,104
25,28,178,110
26,28,183,118
27,28,145,117
28,28,143,124
29,28,141,131
30,28,139,138
31,28,133,148
32,28,136,150
33,28,139,151
34,28,144,151
35,28,149,150
36,28,126,118
37,28,129,114
38,28,134,114
39,28,138,119
40,28,133,119
41,28,128,119
42,28,157,121
43,28,162,118
44,28,167,119
45,28,172,124
46,28,166,124
47,28,161,122
48,28,129,170
49,28,131,165
50,28,136,162
51,28,139,164
52,28,143,163
53,28,149,167
54,28,156,174
55,28,148,179
56,28,142,180
57,28,138,180
58,28,134,179
59,28,130,176
60,28,131,170
61,28,136,166
62,28,139,167
63,28,142,167
64,28,153,173
65,28,142,175
66,28,139,175
67,28,135,173
0,29,116,126
1,29,114,137
2,29,113,149
3,29,112,161
4,29,114,173
5,29,117,184
6,29,122,195
7,29,128,203
8,29,137,207
9,29,148,208
10,29,160,205
11,29,172,199
12,29,182,191
13,29,190,180
14,29,195,167
15,29,198,153
16,29,200,139
17,29,120,108
18,29,123,102
19,29,128,99
20,29,135,99
21,29,141,103
22,29,153,104
23,29,161,102
24,29,170,103
25,29,178,109
26,29,182,117
27,29,144,116
28,29,142,123
29,29,140,130
30,29,138,137
31,29,133,146
32,29,135,149
33,29,139,150
34,29,144,150
35,29,148,149
36,29,125,117
37,29,129,113
38,29,134,113
39,29,138,118
40,29,133,118
41,29,128,118
42,29,157,120
43,29,162,117
44,29,167,118
45,29,172,123
46,29,166,123
47,29,161,122
48,29,128,169
49,29,130,164
50,29,135,162
51,29,139,163
52,29,142,163
53,29,149,167
54,29,156,174
55,29,148,179
56,29,142,180
57,29,138,180
58,29,134,179
59,29,130,175
60,29,130,169
61,29,135,165
62,29,138,166
63,29,142,166
64,29,153,173
65,29,142,175
66,29,138,174
67,29,135,173
0,30,116,126
1,30,113,138
2,30,112,150
3,30,112,162
4,30,113,174
5,30,116,186
6,30,122,196
7,30,128,204
8,30,137,209
9,30,148,209
10,30,161,206
11,30,173,200
12,30,183,192
13,30,192,181
14,30,198,168
15,30,201,155
16,30,204,140
17,30,120,107
18,30,123,103
19,30,128,101
20,30,134,102
21,30,138,105
22,30,153,105
23,30,162,103
24,30,171,105
25,30,178,110
26,30,183,117
27,30,144,116
28,30,142,123
29,30,140,130
30,30,137,138
31,30,133,147
32,30,135,150
33,30,139,151
34,30,143,151
35,30,148,150
36,30,125,117
37,30,128,113
38,30,133,114
39,30,137,118
40,30,132,118
41,30,128,118
42,30,157,120
43,30,162,118
44,30,167,119
45,30,172,124
46,30,166,123
47,30,161,122
48,30,128,170
49,30,131,165
50,30,136,163
51,30,139,164
52,30,142,164
53,30,149,168
54,30,155,175
55,30,148,180
56,30,141,181
57,30,137,181
58,30,134,180
59,30,130,177
60,30,131,170
61,30,135,167
62,30,138,167
63,30,142,168
64,30,152,174
65,30,142,175
66,30,138,175
67,30,135,174
0,31,116,127
1,31,113,138
2,31,112,150
3,31,112,163
4,31,113,175
5,31,116,187
6,31,121,197
7,31,128,206
8,31,137,210
9,31,148,211
10,31,161,207
11,31,173,201
12,31,183,192
13,31,191,181
14,31,198,168
15,31,201,154
16,31,203,140
17,31,120,107
18,31,123,103
19,31,129,102
20,31,135,103
21,31,140,106
22,31,152,107
23,31,160,105
24,31,169,106
25,31,177,110
26,31,182,117
27,31,143,118
28,31,142,126
29,31,140,133
30,31,138,141
31,31,133,149
32,31,135,152
33,31,139,153
34,31,143,153
35,31,148,152
36,31,125,119
37,31,128,115
38,31,133,116
39,31,137,120
40,31,132,120
41,31,128,120
42,31,157,122
43,31,161,119
44,31,166,121
45,31,170,125
46,31,165,124
47,31,161,123
48,31,128,172
49,31,131,167
50,31,135,165
51,31,138,166
52,31,142,166
53,31,149,170
54,31,155,176
55,31,148,182
56,31,141,183
57,31,137,183
58,31,134,182
59,31,130,178
60,31,131,172
61,31,135,169
62,31,138,169
63,31,142,170
64,31,153,176
65,31,142,177
66,31,138,177
67,31,135,175
0,32,117,135
1,32,115,146
2,32,114,158
3,32,114,169
4,32,116,181
5,32,120,192
6,32,125,202
7,32,131,211
8,32,140,216
9,32,151,216
10,32,162,212
11,32,174,206
12,32,184,197
13,32,191,186
14,32,196,173
15,32,199,160
16,32,202,146
17,32,121,117
18,32,124,113
19,32,131,111
20,32,137,112
21,32,143,115
22,32,155,115
23,32,163,114
24,32,172,115
25,32,180,120
26,32,185,127
27,32,147,126
28,32,145,134
29,32,143,141
30,32,142,149
31,32,135,156
32,32,138,158
33,32,142,160
34,32,147,160
35,32,152,159
36,32,126,126
37,32,130,124
38,32,135,124
39,32,140,128
40,32,135,128
41,32,130,128
42,32,159,130
43,32,164,128
44,32,170,130
45,32,174,133
46,32,169,133
47,32,164,132
48,32,131,177
49,32,134,173
50,32,139,171
51,32,142,173
52,32,146,173
53,32,152,177
54,32,159,182
55,32,152,189
56,32,144,190
57,32,140,190
58,32,137,188
59,32,133,184
60,32,133,177
61,32,139,174
62,32,142,175
63,32,145,176
64,32,156,182
65,32,145,184
66,32,141,184
67,32,138,182
0,33,118,138
1,33,115,149
2,33,114,161
3,33,115,172
4,33,117,184
5,33,121,195
6,33,126,205
7,33,132,214
8,33,141,219
9,33,152,219
10,33,164,215
11,33,175,208
12,33,184,200
13,33,192,189
14,33,197,176
15,33,200,163
16,33,202,149
17,33,123,122
18,33,126,117
19,33,133,116
20,33,139,117
21,33,145,120
22,33,157,120
23,33,165,118
24,33,174,120
25,33,181,124
26,33,186,132
27,33,149,131
28,33,147,138
29,33,146,145
30,33,144,153
31,33,137,160
32,33,140,162
33,33,144,164
34,33,149,164
35,33,154,163
36,33,128,130
37,33,132,128
38,33,137,128
39,33,141,132
40,33,136,132
41,33,132,132
42,33,162,135
43,33,166,133
44,33,171,134
45,33,176,138
46,33,170,138
47,33,166,136
48,33,132,180
49,33,136,176
50,33,141,175
51,33,144,177
52,33,148,177
53,33,155,181
54,33,160,186
55,33,153,192
56,33,146,193
57,33,142,193
58,33,139,191
59,33,134,187
60,33,135,180
61,33,141,178
62,33,144,179
63,33,148,180
64,33,158,185
65,33,147,188
66,33,143,187
67,33,140,186
0,34,118,136
1,34,116,148
2,34,115,160
3,34,115,173
4,34,117,185
5,34,121,196
6,34,127,206
7,34,133,215
8,34,142,219
9,34,152,219
10,34,164,214
11,34,175,208
12,34,184,199
13,34,192,189
14,34,197,176
15,34,200,163
16,34,202,150
17,34,124,120
18,34,128,115
19,34,134,113
20,34,141,114
21,34,146,118
22,34,158,118
23,34,166,116
24,34,175,118
25,34,182,123
26,34,186,131
27,34,150,130
28,34,148,138
29,34,147,145
30,34,145,153
31,34,138,160
32,34,141,163
33,34,145,164
34,34,150,164
35,34,154,164
36,34,130,130
37,34,134,127
38,34,139,128
39,34,143,131
40,34,138,131
41,34,133,131
42,34,162,135
43,34,167,133
44,34,172,135
45,34,176,138
46,34,171,138
47,34,166,137
48,34,133,180
49,34,137,177
50,34,142,175
51,34,144,177
52,34,148,177
53,34,155,181
54,34,161,186
55,34,154,192
56,34,147,194
57,34,143,193
58,34,139,192
59,34,135,188
60,34,135,180
61,34,141,178
62,34,144,179
63,34,148,180
64,34,158,185
65,34,147,188
66,34,143,187
67,34,140,186
0,35,117,134
1,35,115,145
2,35,114,158
3,35,114,170
4,35,116,183
5,35,120,194
6,35,125,205
7,35,132,214
8,35,141,219
9,35,152,219
10,35,163,214
11,35,175,207
12,35,184,198
13,35,192,187
14,35,196,175
15,35,199,162
16,35,201,148
17,35,125,118
18,35,128,113
19,35,134,111
20,35,141,111
21,35,146,115
22,35,158,117
23,35,166,116
24,35,174,118
25,35,181,122
26,35,185,129
27,35,149,129
28,35,148,137
29,35,146,145
30,35,144,153
31,35,137,160
32,35,140,163
33,35,144,165
34,35,149,164
35,35,154,163
36,35,130,128
37,35,134,126
38,35,139,127
39,35,143,130
40,35,138,130
41,35,133,130
42,35,161,134
43,35,166,133
44,35,171,134
45,35,175,137
46,35,170,137
47,35,165,136
48,35,132,180
49,35,136,177
50,35,141,176
51,35,144,177
52,35,148,177
53,35,154,181
54,35,160,186
55,35,153,192
56,35,146,194
57,35,142,194
58,35,138,192
59,35,134,188
60,35,135,181
61,35,140,179
62,35,144,180
63,35,147,180
64,35,158,185
65,35,147,188
66,35,143,187
67,35,140,186
0,36,117,134
1,36,115,147
2,36,114,159
3,36,114,172
4,36,116,184
5,36,120,196
6,36,126,206
7,36,133,215
8,36,142,220
9,36,152,220
10,36,163,214
11,36,175,208
12,36,185,199
13,36,192,188
14,36,196,176
15,36,199,162
16,36,201,149
17,36,124,119
18,36,128,114
19,36,134,112
20,36,141,113
21,36,146,117
22,36,157,119
23,36,165,118
24,36,174,119
25,36,181,124
26,36,185,131
27,36,149,131
28,36,148,139
29,36,146,146
30,36,144,155
31,36,137,161
32,36,140,164
33,36,144,166
34,36,149,165
35,36,154,165
36,36,129,129
37,36,134,127
38,36,138,128
39,36,142,132
40,36,137,132
41,36,133,131
42,36,161,135
43,36,166,134
44,36,171,135
45,36,175,138
46,36,170,139
47,36,165,137
48,36,132,182
49,36,136,178
50,36,141,177
51,36,144,178
52,36,148,178
53,36,154,182
54,36,160,187
55,36,153,193
56,36,146,195
57,36,142,195
58,36,138,193
59,36,134,189
60,36,135,182
61,36,140,180
62,36,143,181
63,36,147,182
64,36,157,186
65,36,147,189
66,36,143,188
67,36,140,187
0,37,117,134
1,37,115,146
2,37,114,158
3,37,114,171
4,37,116,184
5,37,120,195
6,37,126,206
7,37,132,215
8,37,141,220
9,37,152,220
10,37,163,215
11,37,175,208
12,37,185,199
13,37,192,187
14,37,196,174
15,37,199,161
16,37,201,147
17,37,124,118
18,37,128,114
19,37,134,112
20,37,140,113
21,37,145,117
22,37,158,119
23,37,165,118
24,37,174,120
25,37,181,124
26,37,185,131
27,37,149,132
28,37,147,139
29,37,146,147
30,37,144,156
31,37,137,162
32,37,140,165
33,37,144,166
34,37,148,166
35,37,153,165
36,37,129,129
37,37,133,128
38,37,138,128
39,37,142,132
40,37,137,132
41,37,132,131
42,37,161,136
43,37,166,134
44,37,171,136
45,37,175,139
46,37,170,139
47,37,165,138
48,37,132,182
49,37,135,178
50,37,141,177
51,37,144,179
52,37,147,179
53,37,154,182
54,37,160,188
55,37,153,194
56,37,146,196
57,37,142,196
58,37,138,194
59,37,134,190
60,37,135,182
61,37,140,180
62,37,143,182
63,37,147,182
64,37,157,187
65,37,147,189
66,37,143,189
67,37,140,187
0,38,117,134
1,38,115,146
2,38,114,158
3,38,114,171
4,38,116,184
5,38,120,195
6,38,126,206
7,38,133,215
8,38,142,219
9,38,152,219
10,38,164,214
11,38,175,207
12,38,185,198
13,38,192,187
14,38,196,174
15,38,199,161
16,38,201,147
17,38,124,117
18,38,127,112
19,38,133,110
20,38,140,112
21,38,146,116
22,38,157,118
23,38,165,116
24,38,174,118
25,38,181,123
26,38,186,130
27,38,149,130
28,38,147,138
29,38,146,146
30,38,144,154
31,38,137,161
32,38,140,164
33,38,144,166
34,38,149,165
35,38,153,164
36,38,128,128
37,38,133,127
38,38,137,128
39,38,141,131
40,38,136,131
41,38,132,131
42,38,161,135
43,38,166,133
44,38,171,135
45,38,175,138
46,38,170,138
47,38,165,137
48,38,132,181
49,38,136,178
50,38,141,176
51,38,144,178
52,38,148,178
53,38,154,181
54,38,160,186
55,38,153,193
56,38,147,195
57,38,142,195
58,38,139,193
59,38,134,189
60,38,135,181
61,38,140,180
62,38,144,181
63,38,147,181
64,38,157,186
65,38,147,189
66,38,143,188
67,38,140,187
0,39,117,135
1,39,115,147
2,39,114,160
3,39,114,172
4,39,116,184
5,39,121,195
6,39,126,206
7,39,133,215
8,39,142,220
9,39,153,220
10,39,164,214
11,39,175,207
12,39,185,198
13,39,192,187
14,39,196,174
15,39,199,161
16,39,201,147
17,39,123,118
18,39,127,113
19,39,133,111
20,39,140,112
21,39,145,115
22,39,157,117
23,39,165,116
24,39,173,117
25,39,181,122
26,39,185,129
27,39,149,130
28,39,147,138
29,39,145,146
30,39,144,155
31,39,137,161
32,39,140,164
33,39,144,166
34,39,149,165
35,39,154,164
36,39,129,129
37,39,133,127
38,39,138,128
39,39,141,131
40,39,137,131
41,39,132,131
42,39,160,135
43,39,165,133
44,39,170,134
45,39,175,137
46,39,169,138
47,39,164,137
48,39,132,181
49,39,136,178
50,39,141,176
51,39,144,178
52,39,148,178
53,39,154,181
54,39,161,187
55,39,154,193
56,39,147,195
57,39,143,195
58,39,139,193
59,39,134,189
60,39,135,182
61,39,140,180
62,39,144,181
63,39,147,181
64,39,158,186
65,39,147,189
66,39,143,188
67,39,140,187
0,40,118,136
1,40,115,148
2,40,114,160
3,40,115,172
4,40,117,184
5,40,121,195
6,40,127,206
7,40,133,215
8,40,142,219
9,40,153,219
10,40,164,214
11,40,175,207
12,40,185,199
13,40,192,188
14,40,197,175
15,40,199,162
16,40,201,148
17,40,125,118
18,40,128,113
19,40,134,111
20,40,140,112
21,40,146,115
22,40,158,117
23,40,165,115
24,40,174,117
25,40,181,122
26,40,185,129
27,40,149,130
28,40,148,138
29,40,146,146
30,40,144,154
31,40,137,161
32,40,141,163
33,40,144,165
34,40,149,165
35,40,154,164
36,40,130,129
37,40,134,127
38,40,139,128
39,40,142,131
40,40,138,131
41,40,133,131
42,40,161,135
43,40,166,133
44,40,171,134
45,40,175,137
46,40,170,138
47,40,165,137
48,40,133,181
49,40,136,177
50,40,141,176
51,40,144,178
52,40,148,177
53,40,154,181
54,40,160,186
55,40,154,192
56,40,147,194
57,40,143,194
58,40,139,193
59,40,135,188
60,40,136,181
61,40,141,179
62,40,144,180
63,40,147,180
64,40,158,185
65,40,147,188
66,40,144,188
67,40,140,186
0,41,118,133
1,41,116,145
2,41,115,157
3,41,114,170
4,41,116,182
5,41,120,193
6,41,126,204
7,41,132,213
8,41,142,217
9,41,153,218
10,41,165,213
11,41,176,206
12,41,186,197
13,41,193,186
14,41,198,174
15,41,201,161
16,41,204,147
17,41,125,115
18,41,128,110
19,41,134,108
20,41,141,109
21,41,146,113
22,41,159,115
23,41,166,114
24,41,175,116
25,41,182,121
26,41,186,128
27,41,150,128
28,41,148,136
29,41,146,144
30,41,144,152
31,41,138,159
32,41,141,161
33,41,144,163
34,41,149,163
35,41,154,162
36,41,130,126
37,41,134,125
38,41,139,126
39,41,143,129
40,41,138,129
41,41,133,128
42,41,162,133
43,41,167,132
44,41,171,133
45,41,176,136
46,41,171,136
47,41,166,135
48,41,133,179
49,41,136,176
50,41,141,174
51,41,144,176
52,41,148,175
53,41,154,179
54,41,161,185
55,41,153,191
56,41,147,193
57,41,143,192
58,41,139,191
59,41,135,187
60,41,135,179
61,41,141,178
62,41,144,178
63,41,147,179
64,41,158,184
65,41,147,186
66,41,144,186
67,41,140,184
0,42,117,136
1,42,115,147
2,42,114,160
3,42,114,172
4,42,116,184
5,42,120,195
6,42,126,206
7,42,132,214
8,42,141,219
9,42,152,219
10,42,164,214
11,42,175,207
12,42,185,199
13,42,192,187
14,42,197,175
15,42,200,161
16,42,202,148
17,42,124,117
18,42,127,112
19,42,133,110
20,42,140,111
21,42,145,114
22,42,157,116
23,42,165,114
24,42,174,116
25,42,181,121
26,42,186,129
27,42,149,129
28,42,147,137
29,42,146,145
30,42,144,153
31,42,137,160
32,42,140,162
33,42,144,164
34,42,149,164
35,42,154,163
36,42,129,128
37,42,133,126
38,42,138,126
39,42,142,130
40,42,137,130
41,42,132,130
42,42,161,134
43,42,166,132
44,42,171,133
45,42,175,137
46,42,170,137
47,42,165,136
48,42,132,180
49,42,135,176
50,42,141,175
51,42,144,177
52,42,147,176
53,42,154,180
54,42,160,185
55,42,153,192
56,42,146,194
57,42,142,194
58,42,138,192
59,42,134,188
60,42,135,180
61,42,140,178
62,42,143,179
63,42,147,180
64,42,157,185
65,42,147,188
66,42,143,187
67,42,140,186
0,43,117,134
1,43,114,146
2,43,113,159
3,43,113,172
4,43,115,184
5,43,119,196
6,43,125,206
7,43,132,216
8,43,141,220
9,43,152,220
10,43,163,215
11,43,175,208
12,43,185,199
13,43,192,187
14,43,196,174
15,43,199,160
16,43,201,147
17,43,124,118
18,43,127,113
19,43,133,111
20,43,140,113
21,43,145,116
22,43,157,118
23,43,164,117
24,43,173,118
25,43,180,123
26,43,185,130
27,43,149,131
28,43,147,139
29,43,145,146
30,43,143,154
31,43,136,161
32,43,140,164
33,43,144,166
34,43,148,165
35,43,153,165
36,43,129,129
37,43,133,127
38,43,138,127
39,43,142,131
40,43,137,132
41,43,132,131
42,43,160,135
43,43,165,133
44,43,170,135
45,43,175,138
46,43,169,138
47,43,164,137
48,43,132,182
49,43,135,178
50,43,140,176
51,43,143,178
52,43,147,178
53,43,154,182
54,43,160,187
55,43,153,194
56,43,146,196
57,43,142,196
58,43,138,194
59,43,134,189
60,43,134,182
61,43,139,180
62,43,143,181
63,43,147,181
64,43,157,186
65,43,147,189
66,43,143,189
67,43,139,187
0,44,117,136
1,44,114,148
2,44,113,161
3,44,113,173
4,44,116,185
5,44,120,197
6,44,126,207
7,44,132,216
8,44,141,221
9,44,152,221
10,44,164,216
11,44,175,209
12,44,185,200
13,44,192,188
14,44,197,176
15,44,200,162
16,44,202,148
17,44,123,118
18,44,127,113
19,44,133,111
20,44,140,112
21,44,145,117
22,44,157,118
23,44,165,117
24,44,173,118
25,44,181,123
26,44,185,130
27,44,149,131
28,44,147,140
29,44,145,148
30,44,144,156
31,44,136,163
32,44,140,165
33,44,144,167
34,44,148,167
35,44,153,166
36,44,129,130
37,44,133,128
38,44,137,129
39,44,141,132
40,44,137,132
41,44,132,132
42,44,160,136
43,44,165,135
44,44,170,136
45,44,175,139
46,44,169,139
47,44,164,138
48,44,132,183
49,44,136,179
50,44,140,178
51,44,144,180
52,44,147,179
53,44,154,183
54,44,160,188
55,44,153,195
56,44,146,197
57,44,142,196
58,44,138,195
59,44,134,191
60,44,135,183
61,44,140,181
62,44,143,182
63,44,147,183
64,44,157,188
65,44,147,190
66,44,143,190
67,44,140,188
0,45,117,134
1,45,115,146
2,45,114,158
3,45,114,171
4,45,116,184
5,45,121,195
6,45,126,206
7,45,133,215
8,45,142,220
9,45,153,220
10,45,165,214
11,45,176,207
12,45,185,198
13,45,192,186
14,45,196,173
15,45,199,160
16,45,201,146
17,45,123,118
18,45,127,113
19,45,133,111
20,45,140,112
21,45,145,115
22,45,157,117
23,45,165,116
24,45,174,118
25,45,181,123
26,45,185,130
27,45,149,130
28,45,147,138
29,45,146,146
30,45,144,155
31,45,137,161
32,45,140,164
33,45,144,166
34,45,149,165
35,45,154,164
36,45,129,128
37,45,133,126
38,45,138,127
39,45,141,131
40,45,137,131
41,45,132,130
42,45,161,134
43,45,166,133
44,45,171,134
45,45,175,138
46,45,170,138
47,45,165,137
48,45,132,181
49,45,136,178
50,45,141,177
51,45,144,178
52,45,148,178
53,45,154,182
54,45,160,187
55,45,154,193
56,45,147,195
57,45,143,195
58,45,139,193
59,45,135,189
60,45,135,182
61,45,140,180
62,45,144,181
63,45,147,181
64,45,158,186
65,45,147,189
66,45,144,189
67,45,140,187
0,46,118,135
1,46,116,147
2,46,114,159
3,46,114,172
4,46,117,184
5,46,121,195
6,46,127,206
7,46,133,215
8,46,142,219
9,46,153,220
10,46,165,215
11,46,176,208
12,46,186,199
13,46,193,187
14,46,198,175
15,46,201,161
16,46,203,148
17,46,124,116
18,46,128,111
19,46,134,109
20,46,141,110
21,46,146,114
22,46,159,116
23,46,166,115
24,46,175,117
25,46,182,122
26,46,187,129
27,46,150,130
28,46,149,138
29,46,147,146
30,46,145,154
31,46,138,161
32,46,141,163
33,46,145,165
34,46,150,165
35,46,155,164
36,46,130,128
37,46,134,126
38,46,139,127
39,46,143,130
40,46,138,130
41,46,133,130
42,46,162,134
43,46,167,133
44,46,172,134
45,46,177,138
46,46,171,138
47,46,166,136
48,46,133,181
49,46,137,177
50,46,142,176
51,46,145,178
52,46,149,177
53,46,155,181
54,46,161,186
55,46,154,193
56,46,147,195
57,46,143,195
58,46,140,193
59,46,136,189
60,46,136,181
61,46,141,179
62,46,145,180
63,46,148,181
64,46,158,186
65,46,148,189
66,46,144,188
67,46,141,187
0,47,118,134
1,47,116,146
2,47,114,159
3,47,114,172
4,47,116,184
5,47,121,195
6,47,126,206
7,47,132,216
8,47,141,220
9,47,152,221
10,47,164,216
11,47,176,209
12,47,186,200
13,47,193,189
14,47,198,176
15,47,201,162
16,47,203,149
17,47,125,117
18,47,129,113
19,47,135,111
20,47,141,112
21,47,147,116
22,47,159,118
23,47,167,117
24,47,175,119
25,47,182,123
26,47,187,130
27,47,150,131
28,47,149,139
29,47,147,146
30,47,145,155
31,47,138,161
32,47,141,164
33,47,145,166
34,47,150,165
35,47,155,165
36,47,131,128
37,47,135,127
38,47,139,128
39,47,143,131
40,47,138,131
41,47,134,130
42,47,162,135
43,47,167,134
44,47,172,135
45,47,176,138
46,47,171,139
47,47,166,137
48,47,133,181
49,47,136,178
50,47,141,176
51,47,145,178
52,47,149,178
53,47,155,182
54,47,161,187
55,47,154,194
56,47,147,196
57,47,143,195
58,47,139,193
59,47,135,189
60,47,136,182
61,47,141,180
62,47,144,181
63,47,148,182
64,47,158,187
65,47,148,189
66,47,144,189
67,47,140,187
0,48,117,133
1,48,115,145
2,48,114,158
3,48,114,170
4,48,116,183
5,48,120,195
6,48,126,206
7,48,132,215
8,48,141,220
9,48,152,220
10,48,164,215
11,48,175,209
12,48,185,200
13,48,192,188
14,48,197,176
15,48,200,162
16,48,203,149
17,48,124,117
18,48,129,112
19,48,135,111
20,48,141,112
21,48,147,116
22,48,158,118
23,48,166,118
24,48,175,119
25,48,182,124
26,48,187,131
27,48,150,131
28,48,148,139
29,48,147,147
30,48,145,155
31,48,137,161
32,48,141,164
33,48,144,166
34,48,149,165
35,48,154,165
36,48,130,128
37,48,134,126
38,48,139,127
39,48,142,131
40,48,138,131
41,48,133,130
42,48,162,135
43,48,167,134
44,48,172,136
45,48,176,139
46,48,171,139
47,48,166,137
48,48,132,181
49,48,136,178
50,48,141,177
51,48,144,178
52,48,148,178
53,48,154,182
54,48,160,187
55,48,153,193
56,48,147,195
57,48,143,194
58,48,139,193
59,48,135,189
60,48,135,182
61,48,141,180
62,48,144,181
63,48,147,181
64,48,157,187
65,48,147,189
66,48,144,188
67,48,140,187
0,49,115,137
1,49,113,149
2,49,112,161
3,49,113,173
4,49,115,185
5,49,119,196
6,49,125,207
7,49,131,216
8,49,140,221
9,49,151,221
10,49,163,216
11,49,174,210
12,49,184,201
13,49,191,189
14,49,196,176
15,49,199,163
16,49,201,149
17,49,123,118
18,49,126,113
19,49,132,111
20,49,139,112
21,49,145,116
22,49,157,118
23,49,165,116
24,49,173,118
25,49,180,123
26,49,185,131
27,49,148,131
28,49,147,139
29,49,145,147
30,49,143,155
31,49,136,162
32,49,139,165
33,49,143,167
34,49,148,166
35,49,153,166
36,49,129,129
37,49,133,127
38,49,137,128
39,49,141,132
40,49,136,132
41,49,132,131
42,49,160,135
43,49,165,134
44,49,170,135
45,49,174,139
46,49,169,139
47,49,164,137
48,49,131,183
49,49,135,179
50,49,139,178
51,49,143,179
52,49,147,179
53,49,153,183
54,49,159,188
55,49,152,195
56,49,146,197
57,49,141,196
58,49,137,194
59,49,133,190
60,49,134,183
61,49,139,181
62,49,143,182
63,49,146,182
64,49,156,188
65,49,146,190
66,49,142,190
67,49,138,188
0,50,115,135
1,50,113,147
2,50,112,159
3,50,113,172
4,50,115,185
5,50,120,196
6,50,125,207
7,50,132,216
8,50,141,221
9,50,151,221
10,50,163,215
11,50,174,208
12,50,184,199
13,50,191,188
14,50,195,175
15,50,198,161
16,50,200,148
17,50,122,118
18,50,126,113
19,50,132,111
20,50,138,112
21,50,144,116
22,50,156,118
23,50,164,117
24,50,173,118
25,50,180,123
26,50,184,130
27,50,148,131
28,50,146,139
29,50,144,147
30,50,143,156
31,50,136,163
32,50,139,165
33,50,143,167
34,50,147,166
35,50,152,166
36,50,128,129
37,50,132,127
38,50,136,128
39,50,140,132
40,50,135,132
41,50,131,131
42,50,160,135
43,50,164,134
44,50,169,135
45,50,174,138
46,50,169,139
47,50,164,138
48,50,131,183
49,50,135,179
50,50,140,178
51,50,143,179
52,50,147,179
53,50,153,182
54,50,159,188
55,50,153,195
56,50,146,197
57,50,142,197
58,50,138,195
59,50,134,190
60,50,134,183
61,50,139,181
62,50,143,182
63,50,146,182
64,50,157,187
65,50,146,190
66,50,143,190
67,50,139,188
0,51,116,135
1,51,114,147
2,51,113,160
3,51,113,173
4,51,116,185
5,51,120,196
6,51,127,206
7,51,133,215
8,51,142,220
9,51,153,220
10,51,164,214
11,51,175,208
12,51,185,198
13,51,192,187
14,51,196,173
15,51,199,160
16,51,201,146
17,51,123,118
18,51,126,114
19,51,132,112
20,51,139,113
21,51,144,116
22,51,156,118
23,51,164,116
24,51,172,118
25,51,179,123
26,51,184,130
27,51,148,131
28,51,146,139
29,51,145,147
30,51,143,155
31,51,136,162
32,51,139,164
33,51,143,166
34,51,148,166
35,51,153,165
36,51,128,129
37,51,132,127
38,51,137,128
39,51,141,131
40,51,136,132
41,51,131,131
42,51,160,135
43,51,164,133
44,51,169,134
45,51,174,137
46,51,169,138
47,51,164,137
48,51,132,182
49,51,135,178
50,51,140,177
51,51,143,178
52,51,147,178
53,51,154,182
54,51,160,187
55,51,153,193
56,51,146,195
57,51,142,195
58,51,138,194
59,51,134,189
60,51,135,182
61,51,140,180
62,51,143,181
63,51,147,182
64,51,157,186
65,51,147,189
66,51,143,189
67,51,139,187
0,52,117,135
1,52,115,147
2,52,114,159
3,52,114,172
4,52,116,184
5,52,120,195
6,52,126,205
7,52,132,214
8,52,141,219
9,52,152,219
10,52,164,214
11,52,175,208
12,52,185,199
13,52,192,188
14,52,197,175
15,52,200,162
16,52,202,148
17,52,124,119
18,52,128,114
19,52,134,112
20,52,140,113
21,52,146,116
22,52,157,117
23,52,165,116
24,52,174,118
25,52,182,123
26,52,186,130
27,52,149,130
28,52,148,137
29,52,146,145
30,52,144,153
31,52,137,160
32,52,140,162
33,52,144,164
34,52,149,164
35,52,154,163
36,52,130,129
37,52,134,126
38,52,139,127
39,52,142,131
40,52,138,131
41,52,133,130
42,52,161,134
43,52,166,132
44,52,171,134
45,52,176,137
46,52,170,138
47,52,165,136
48,52,132,181
49,52,136,176
50,52,141,175
51,52,144,177
52,52,148,176
53,52,154,180
54,52,160,186
55,52,153,192
56,52,146,194
57,52,142,194
58,52,139,192
59,52,134,188
60,52,135,181
61,52,140,178
62,52,144,179
63,52,147,180
64,52,158,185
65,52,147,188
66,52,143,188
67,52,140,186
0,53,117,134
1,53,115,146
2,53,114,159
3,53,114,171
4,53,115,183
5,53,120,194
6,53,126,205
7,53,132,214
8,53,141,219
9,53,152,219
10,53,164,214
11,53,175,208
12,53,185,199
13,53,192,188
14,53,197,175
15,53,200,162
16,53,203,148
17,53,123,116
18,53,127,111
19,53,133,109
20,53,140,110
21,53,145,114
22,53,158,116
23,53,165,115
24,53,174,116
25,53,181,121
26,53,186,129
27,53,149,129
28,53,147,137
29,53,145,145
30,53,144,153
31,53,137,160
32,53,140,162
33,53,144,164
34,53,148,164
35,53,153,163
36,53,129,127
37,53,133,126
38,53,137,126
39,53,141,130
40,53,137,130
41,53,132,129
42,53,161,134
43,53,166,132
44,53,171,134
45,53,175,137
46,53,170,137
47,53,165,136
48,53,132,180
49,53,135,176
50,53,140,175
51,53,144,177
52,53,147,176
53,53,154,180
54,53,160,186
55,53,153,192
56,53,146,194
57,53,142,194
58,53,138,192
59,53,134,188
60,53,134,181
61,53,140,179
62,53,143,179
63,53,147,180
64,53,157,185
65,53,147,188
66,53,143,187
67,53,139,186
0,54,117,134
1,54,115,146
2,54,113,158
3,54,113,171
4,54,115,183
5,54,120,194
6,54,125,205
7,54,132,214
8,54,141,218
9,54,151,219
10,54,163,214
11,54,174,208
12,54,184,199
13,54,191,188
14,54,196,175
15,54,199,161
16,54,201,148
17,54,123,116
18,54,126,111
19,54,133,109
20,54,140,110
21,54,145,114
22,54,157,116
23,54,165,115
24,54,174,117
25,54,181,122
26,54,186,129
27,54,149,128
28,54,147,136
29,54,145,144
30,54,144,153
31,54,137,160
32,54,140,162
33,54,144,164
34,54,148,164
35,54,153,163
36,54,128,127
37,54,132,126
38,54,137,126
39,54,141,129
40,54,136,130
41,54,132,129
42,54,161,133
43,54,166,132
44,54,171,133
45,54,175,137
46,54,170,137
47,54,165,136
48,54,132,180
49,54,135,176
50,54,140,175
51,54,143,176
52,54,147,176
53,54,153,180
54,54,159,186
55,54,153,192
56,54,146,194
57,54,142,194
58,54,138,192
59,54,134,188
60,54,134,180
61,54,140,178
62,54,143,179
63,54,146,180
64,54,156,185
65,54,146,187
66,54,143,187
67,54,139,186
0,55,116,139
1,55,113,150
2,55,112,162
3,55,113,174
4,55,115,185
5,55,120,196
6,55,125,207
7,55,131,216
8,55,141,220
9,55,152,220
10,55,163,215
11,55,174,208
12,55,184,200
13,55,191,188
14,55,196,176
15,55,198,162
16,55,200,149
17,55,122,120
18,55,126,115
19,55,131,113
20,55,138,114
21,55,144,117
22,55,155,117
23,55,163,115
24,55,172,117
25,55,179,122
26,55,183,129
27,55,148,130
28,55,146,138
29,55,145,145
30,55,143,153
31,55,136,160
32,55,139,163
33,55,143,165
34,55,148,164
35,55,153,164
36,55,127,130
37,55,131,127
38,55,136,127
39,55,140,131
40,55,136,132
41,55,131,132
42,55,159,134
43,55,164,132
44,55,169,133
45,55,174,137
46,55,169,137
47,55,164,136
48,55,131,181
49,55,134,177
50,55,139,175
51,55,143,177
52,55,147,177
53,55,153,181
54,55,159,186
55,55,152,193
56,55,145,195
57,55,141,194
58,55,137,193
59,55,133,188
60,55,134,181
61,55,139,179
62,55,142,180
63,55,146,180
64,55,156,186
65,55,146,188
66,55,142,188
67,55,138,186
0,56,116,138
1,56,113,149
2,56,113,161
3,56,113,173
4,56,116,184
5,56,120,195
6,56,125,206
7,56,131,214
8,56,140,219
9,56,151,218
10,56,163,214
11,56,174,208
12,56,184,199
13,56,191,187
14,56,196,174
15,56,198,161
16,56,200,147
17,56,120,120
18,56,124,115
19,56,130,114
20,56,137,114
21,56,143,117
22,56,155,117
23,56,163,115
24,56,172,117
25,56,179,122
26,56,184,129
27,56,147,129
28,56,145,137
29,56,144,144
30,56,142,152
31,56,135,159
32,56,139,162
33,56,142,163
34,56,147,163
35,56,152,162
36,56,126,129
37,56,130,126
38,56,135,127
39,56,139,131
40,56,135,131
41,56,130,131
42,56,159,133
43,56,164,131
44,56,169,132
45,56,174,136
46,56,169,136
47,56,163,135
48,56,131,180
49,56,134,176
50,56,139,174
51,56,142,176
52,56,146,176
53,56,153,180
54,56,159,185
55,56,152,192
56,56,145,194
57,56,141,193
58,56,137,192
59,56,133,188
60,56,133,180
61,56,139,178
62,56,142,179
63,56,146,179
64,56,156,185
65,56,146,188
66,56,142,187
67,56,138,185
0,57,115,138
1,57,113,149
2,57,111,161
3,57,112,173
4,57,115,184
5,57,120,195
6,57,125,206
7,57,131,214
8,57,140,219
9,57,151,218
10,57,163,214
11,57,174,208
12,57,184,199
13,57,191,187
14,57,196,175
15,57,198,162
16,57,200,148
17,57,121,119
18,57,125,114
19,57,130,112
20,57,137,113
21,57,143,116
22,57,155,116
23,57,163,114
24,57,172,116
25,57,179,121
26,57,183,129
27,57,147,129
28,57,145,136
29,57,144,144
30,57,142,152
31,57,135,159
32,57,139,161
33,57,142,163
34,57,147,163
35,57,152,162
36,57,127,129
37,57,131,126
38,57,136,126
39,57,140,130
40,57,135,130
41,57,130,130
42,57,159,133
43,57,164,131
44,57,169,132
45,57,173,136
46,57,168,136
47,57,163,135
48,57,130,180
49,57,134,176
50,57,139,174
51,57,142,176
52,57,146,176
53,57,152,179
54,57,158,185
55,57,152,192
56,57,145,194
57,57,140,193
58,57,137,192
59,57,133,188
60,57,133,180
61,57,138,178
62,57,141,178
63,57,145,179
64,57,155,185
65,57,145,187
66,57,141,187
67,57,138,185
0,58,115,136
1,58,113,148
2,58,111,160
3,58,112,172
4,58,115,184
5,58,119,195
6,58,124,205
7,58,130,214
8,58,139,218
9,58,150,218
10,58,162,213
11,58,174,207
12,58,184,199
13,58,191,187
14,58,196,175
15,58,199,161
16,58,201,148
17,58,121,118
18,58,125,114
19,58,131,113
20,58,137,113
21,58,143,116
22,58,155,117
23,58,163,115
24,58,171,117
25,58,179,121
26,58,183,128
27,58,147,129
28,58,145,136
29,58,143,144
30,58,142,151
31,58,135,159
32,58,138,161
33,58,142,163
34,58,147,162
35,58,152,162
36,58,126,128
37,58,130,125
38,58,135,126
39,58,139,130
40,58,135,130
41,58,130,130
42,58,159,133
43,58,164,131
44,58,169,132
45,58,173,136
46,58,168,136
47,58,163,135
48,58,130,179
49,58,133,175
50,58,138,174
51,58,141,175
52,58,145,175
53,58,152,179
54,58,158,185
55,58,151,192
56,58,144,193
57,58,140,193
58,58,136,191
59,58,132,187
60,58,133,180
61,58,138,177
62,58,141,178
63,58,145,178
64,58,155,184
65,58,145,187
66,58,141,186
67,58,137,185
0,59,116,134
1,59,114,145
2,59,113,157
3,59,113,169
4,59,115,181
5,59,119,192
6,59,124,202
7,59,130,211
8,59,139,216
9,59,150,216
10,59,162,211
11,59,174,206
12,59,184,197
13,59,191,186
14,59,196,173
15,59,199,160
16,59,201,146
17,59,122,116
18,59,126,111
19,59,131,110
20,59,138,111
21,59,143,114
22,59,154,115
23,59,162,113
24,59,170,115
25,59,178,119
26,59,183,126
27,59,146,126
28,59,144,133
29,59,142,140
30,59,141,148
31,59,134,156
32,59,137,158
33,59,141,160
34,59,146,160
35,59,151,159
36,59,127,125
37,59,131,122
38,59,135,123
39,59,139,127
40,59,135,127
41,59,130,127
42,59,158,130
43,59,163,128
44,59,168,129
45,59,172,133
46,59,167,133
47,59,162,131
48,59,130,177
49,59,133,173
50,59,138,171
51,59,140,173
52,59,144,172
53,59,151,177
54,59,157,183
55,59,150,189
56,59,143,190
57,59,139,190
58,59,136,188
59,59,132,184
60,59,132,177
61,59,137,174
62,59,140,175
63,59,144,176
64,59,155,182
65,59,144,184
66,59,140,184
67,59,137,182
0,60,116,132
1,60,113,143
2,60,112,155
3,60,112,167
4,60,113,179
5,60,118,191
6,60,123,201
7,60,129,209
8,60,138,214
9,60,150,214
10,60,162,210
11,60,174,204
12,60,184,194
13,60,192,183
14,60,197,170
15,60,199,157
16,60,201,143
17,60,121,110
18,60,123,104
19,60,129,102
20,60,136,102
21,60,141,106
22,60,154,108
23,60,163,106
24,60,172,108
25,60,180,114
26,60,184,122
27,60,146,121
28,60,144,129
29,60,142,137
30,60,140,145
31,60,133,153
32,60,137,156
33,60,140,158
34,60,145,157
35,60,151,157
36,60,126,121
37,60,130,118
38,60,134,118
39,60,138,123
40,60,133,123
41,60,129,122
42,60,159,126
43,60,164,124
44,60,169,125
45,60,173,129
46,60,168,129
47,60,163,128
48,60,129,175
49,60,132,170
50,60,137,169
51,60,141,170
52,60,145,170
53,60,151,173
54,60,157,181
55,60,151,186
56,60,144,188
57,60,139,187
58,60,135,186
59,60,131,182
60,60,132,175
61,60,137,172
62,60,140,173
63,60,144,174
64,60,155,180
65,60,144,182
66,60,140,182
67,60,136,180
0,61,116,130
1,61,113,141
2,61,112,154
3,61,112,166
4,61,113,179
5,61,117,190
6,61,123,201
7,61,129,209
8,61,139,213
9,61,150,213
10,61,163,209
11,61,175,202
12,61,185,193
13,61,192,181
14,61,196,168
15,61,199,154
16,61,201,140
17,61,119,110
18,61,122,103
19,61,128,101
20,61,135,102
21,61,140,105
22,61,154,107
23,61,162,105
24,61,172,107
25,61,179,113
26,61,184,122
27,61,145,121
28,61,143,129
29,61,141,137
30,61,139,146
31,61,133,154
32,61,136,156
33,61,140,158
34,61,145,158
35,61,150,157
36,61,125,120
37,61,129,117
38,61,134,118
39,61,138,122
40,61,133,122
41,61,128,121
42,61,158,126
43,61,163,124
44,61,168,125
45,61,172,129
46,61,167,129
47,61,162,128
48,61,129,175
49,61,132,170
50,61,137,168
51,61,140,170
52,61,144,169
53,61,151,173
54,61,157,181
55,61,151,186
56,61,144,188
57,61,139,188
58,61,135,187
59,61,131,183
60,61,131,175
61,61,136,172
62,61,140,173
63,61,144,174
64,61,154,180
65,61,144,182
66,61,140,182
67,61,136,180
0,62,115,129
1,62,113,141
2,62,111,153
3,62,111,165
4,62,113,178
5,62,116,189
6,62,122,199
7,62,128,208
8,62,137,212
9,62,148,213
10,62,160,209
11,62,172,203
12,62,182,194
13,62,190,183
14,62,196,170
15,62,199,156
16,62,201,141
17,62,120,109
18,62,123,104
19,62,128,103
20,62,134,104
21,62,139,107
22,62,153,108
23,62,161,106
24,62,170,108
25,62,177,113
26,62,182,120
27,62,144,121
28,62,142,129
29,62,140,137
30,62,138,145
31,62,132,153
32,62,135,155
33,62,139,157
34,62,144,157
35,62,148,156
36,62,125,120
37,62,128,117
38,62,133,118
39,62,137,122
40,62,132,122
41,62,127,122
42,62,157,125
43,62,161,122
44,62,166,124
45,62,171,128
46,62,166,128
47,62,161,127
48,62,128,175
49,62,131,170
50,62,136,168
51,62,139,169
52,62,143,169
53,62,149,173
54,62,155,179
55,62,148,185
56,62,142,187
57,62,138,186
58,62,134,185
59,62,130,181
60,62,131,175
61,62,135,171
62,62,138,172
63,62,142,173
64,62,152,179
65,62,142,181
66,62,138,180
67,62,135,179
0,63,116,129
1,63,113,141
2,63,112,152
3,63,112,164
4,63,114,176
5,63,117,187
6,63,122,196
7,63,128,204
8,63,137,209
9,63,148,210
10,63,160,206
11,63,172,201
12,63,183,193
13,63,191,182
14,63,196,169
15,63,200,155
16,63,202,141
17,63,120,109
18,63,122,103
19,63,128,100
20,63,135,100
21,63,140,104
22,63,154,105
23,63,162,103
24,63,171,105
25,63,179,111
26,63,183,119
27,63,145,118
28,63,143,125
29,63,141,132
30,63,139,140
31,63,133,149
32,63,136,151
33,63,140,153
34,63,144,153
35,63,149,152
36,63,126,119
37,63,129,114
38,63,134,115
39,63,138,120
40,63,133,120
41,63,129,120
42,63,157,123
43,63,162,119
44,63,167,120
45,63,172,126
46,63,166,125
47,63,161,124
48,63,129,171
49,63,131,166
50,63,136,163
51,63,139,165
52,63,143,165
53,63,149,169
54,63,156,176
55,63,149,182
56,63,142,183
57,63,138,182
58,63,134,181
59,63,130,178
60,63,131,171
61,63,136,167
62,63,139,168
63,63,142,169
64,63,153,175
65,63,142,177
66,63,139,177
67,63,135,175
0,64,116,128
1,64,114,140
2,64,113,152
3,64,113,164
4,64,114,176
5,64,118,187
6,64,123,197
7,64,129,205
8,64,138,209
9,64,149,210
10,64,161,206
11,64,173,201
12,64,183,192
13,64,191,181
14,64,196,168
15,64,199,154
16,64,201,140
17,64,120,109
18,64,122,104
19,64,128,101
20,64,135,101
21,64,141,104
22,64,153,105
23,64,162,103
24,64,172,105
25,64,179,111
26,64,184,119
27,64,145,117
28,64,143,125
29,64,141,132
30,64,139,140
31,64,134,148
32,64,136,151
33,64,140,152
34,64,144,152
35,64,149,151
36,64,126,118
37,64,129,114
38,64,134,114
39,64,138,119
40,64,133,120
41,64,128,119
42,64,158,122
43,64,162,118
44,64,168,119
45,64,172,125
46,64,167,125
47,64,162,123
48,64,129,171
49,64,131,166
50,64,136,164
51,64,140,165
52,64,143,165
53,64,150,169
54,64,156,176
55,64,149,182
56,64,142,183
57,64,138,182
58,64,135,181
59,64,130,178
60,64,131,171
61,64,136,167
62,64,139,168
63,64,143,169
64,64,154,175
65,64,143,177
66,64,139,177
67,64,136,175
0,65,116,132
1,65,114,144
2,65,113,156
3,65,114,168
4,65,115,180
5,65,119,190
6,65,125,201
7,65,131,209
8,65,140,213
9,65,151,213
10,65,162,209
11,65,174,203
12,65,183,195
13,65,191,184
14,65,196,171
15,65,198,158
16,65,200,144
17,65,121,112
18,65,124,108
19,65,129,106
20,65,135,106
21,65,141,110
22,65,155,110
23,65,163,108
24,65,171,109
25,65,178,114
26,65,182,122
27,65,146,123
28,65,144,130
29,65,142,137
30,65,140,145
31,65,134,153
32,65,137,155
33,65,141,157
34,65,146,157
35,65,151,156
36,65,126,124
37,65,129,121
38,65,134,121
39,65,139,125
40,65,134,125
41,65,129,125
42,65,158,127
43,65,163,125
44,65,168,126
45,65,172,130
46,65,167,130
47,65,162,129
48,65,131,175
49,65,134,170
50,65,138,168
51,65,141,170
52,65,145,170
53,65,151,174
54,65,157,180
55,65,151,186
56,65,144,188
57,65,140,188
58,65,136,186
59,65,132,182
60,65,133,175
61,65,138,172
62,65,141,172
63,65,144,173
64,65,154,179
65,65,144,182
66,65,141,181
67,65,138,180
0,66,117,136
1,66,115,147
2,66,114,159
3,66,114,170
4,66,116,181
5,66,120,191
6,66,125,201
7,66,131,209
8,66,140,214
9,66,151,214
10,66,163,210
11,66,175,204
12,66,184,196
13,66,192,185
14,66,197,172
15,66,199,158
16,66,201,144
17,66,120,118
18,66,123,113
19,66,129,111
20,66,136,111
21,66,142,114
22,66,154,114
23,66,162,112
24,66,171,113
25,66,179,117
26,66,184,124
27,66,146,125
28,66,145,132
29,66,143,139
30,66,141,146
31,66,135,154
32,66,138,156
33,66,142,158
34,66,147,157
35,66,152,157
36,66,126,127
37,66,129,124
38,66,134,124
39,66,139,127
40,66,134,127
41,66,129,128
42,66,159,129
43,66,164,126
44,66,169,128
45,66,174,131
46,66,169,131
47,66,163,130
48,66,131,176
49,66,134,170
50,66,138,168
51,66,141,170
52,66,145,170
53,66,152,174
54,66,158,180
55,66,151,187
56,66,144,188
57,66,140,188
58,66,137,187
59,66,133,183
60,66,134,175
61,66,138,172
62,66,141,173
63,66,145,173
64,66,155,179
65,66,145,182
66,66,141,181
67,66,138,180
0,67,117,136
1,67,115,147
2,67,114,158
3,67,114,170
4,67,116,181
5,67,119,192
6,67,124,202
7,67,130,211
8,67,139,216
9,67,151,216
10,67,162,212
11,67,174,206
12,67,184,197
13,67,191,186
14,67,195,174
15,67,198,160
16,67,200,147
17,67,122,118
18,67,126,113
19,67,132,111
20,67,138,111
21,67,144,114
22,67,156,114
23,67,164,113
24,67,172,115
25,67,179,119
26,67,183,127
27,67,147,126
28,67,146,133
29,67,144,140
30,67,142,148
31,67,135,155
32,67,139,158
33,67,142,159
34,67,147,159
35,67,152,159
36,67,128,126
37,67,131,123
38,67,136,124
39,67,140,128
40,67,136,128
41,67,131,128
42,67,160,130
43,67,164,128
44,67,170,129
45,67,174,133
46,67,169,133
47,67,164,132
48,67,131,176
49,67,134,172
50,67,139,170
51,67,142,172
52,67,146,172
53,67,152,176
54,67,158,182
55,67,151,188
56,67,144,190
57,67,140,189
58,67,137,188
59,67,133,184
60,67,133,177
61,67,138,174
62,67,141,174
63,67,145,175
64,67,156,181
65,67,145,184
66,67,141,183
67,67,138,182
0,68,116,135
1,68,114,147
2,68,113,159
3,68,113,171
4,68,115,184
5,68,119,195
6,68,125,206
7,68,131,214
8,68,141,219
9,68,152,218
10,68,164,213
11,68,175,207
12,68,184,197
13,68,191,186
14,68,196,173
15,68,199,159
16,68,201,145
17,68,122,119
18,68,125,114
19,68,131,113
20,68,137,114
21,68,142,117
22,68,155,117
23,68,163,115
24,68,171,117
25,68,178,121
26,68,183,128
27,68,147,129
28,68,145,136
29,68,144,144
30,68,142,152
31,68,135,159
32,68,138,161
33,68,142,163
34,68,147,163
35,68,152,162
36,68,127,128
37,68,131,126
38,68,136,126
39,68,140,130
40,68,135,130
41,68,130,130
42,68,159,132
43,68,164,131
44,68,169,132
45,68,173,135
46,68,168,136
47,68,163,134
48,68,131,180
49,68,134,176
50,68,139,174
51,68,142,176
52,68,146,176
53,68,153,179
54,68,158,185
55,68,152,192
56,68,145,194
57,68,141,193
58,68,137,192
59,68,133,187
60,68,133,180
61,68,139,177
62,68,142,178
63,68,146,179
64,68,156,184
65,68,146,187
66,68,141,187
67,68,138,185
0,69,116,136
1,69,114,148
2,69,113,160
3,69,113,172
4,69,116,184
5,69,120,195
6,69,125,206
7,69,131,215
8,69,141,219
9,69,151,219
10,69,163,215
11,69,175,209
12,69,184,200
13,69,191,189
14,69,196,176
15,69,199,162
16,69,202,148
17,69,121,119
18,69,124,114
19,69,130,112
20,69,137,113
21,69,143,116
22,69,156,116
23,69,164,114
24,69,173,116
25,69,180,121
26,69,185,129
27,69,147,129
28,69,146,137
29,69,144,145
30,69,143,153
31,69,135,160
32,69,139,162
33,69,143,164
34,69,148,164
35,69,153,163
36,69,127,129
37,69,130,126
38,69,136,127
39,69,140,131
40,69,135,131
41,69,130,131
42,69,160,133
43,69,165,132
44,69,170,133
45,69,175,137
46,69,169,137
47,69,164,135
48,69,131,180
49,69,135,176
50,69,140,175
51,69,142,177
52,69,146,176
53,69,153,180
54,69,159,186
55,69,152,193
56,69,145,195
57,69,141,194
58,69,137,193
59,69,133,188
60,69,134,181
61,69,139,178
62,69,142,179
63,69,146,180
64,69,156,185
65,69,146,188
66,69,142,188
67,69,138,186
0,70,116,136
1,70,114,148
2,70,113,160
3,70,113,173
4,70,115,185
5,70,120,196
6,70,125,207
7,70,131,216
8,70,141,221
9,70,151,220
10,70,163,215
11,70,174,209
12,70,183,200
13,70,190,189
14,70,195,176
15,70,198,162
16,70,200,148
17,70,121,120
18,70,125,115
19,70,131,113
20,70,138,115
21,70,143,118
22,70,154,118
23,70,163,116
24,70,171,118
25,70,179,122
26,70,183,130
27,70,147,130
28,70,145,138
29,70,144,146
30,70,142,155
31,70,135,161
32,70,138,164
33,70,142,166
34,70,147,165
35,70,152,165
36,70,127,130
37,70,130,127
38,70,135,128
39,70,140,132
40,70,135,132
41,70,130,132
42,70,159,135
43,70,164,133
44,70,169,134
45,70,174,138
46,70,169,138
47,70,163,137
48,70,130,182
49,70,134,178
50,70,138,177
51,70,142,178
52,70,146,178
53,70,152,181
54,70,158,187
55,70,152,194
56,70,145,196
57,70,141,196
58,70,137,194
59,70,133,190
60,70,133,182
61,70,138,180
62,70,141,181
63,70,145,181
64,70,155,186
65,70,145,190
66,70,141,189
67,70,138,188
0,71,115,138
1,71,113,150
2,71,112,162
3,71,113,174
4,71,115,186
5,71,119,197
6,71,125,208
7,71,131,217
8,71,140,221
9,71,151,221
10,71,163,216
11,71,174,209
12,71,184,200
13,71,191,189
14,71,195,176
15,71,198,163
16,71,200,149
17,71,120,122
18,71,124,117
19,71,130,115
20,71,136,117
21,71,142,120
22,71,155,119
23,71,163,118
24,71,171,119
25,71,179,124
26,71,183,131
27,71,146,132
28,71,145,139
29,71,143,147
30,71,142,155
31,71,135,162
32,71,138,164
33,71,142,166
34,71,147,166
35,71,152,165
36,71,126,132
37,71,129,129
38,71,134,130
39,71,139,133
40,71,134,133
41,71,129,133
42,71,159,136
43,71,164,134
44,71,169,135
45,71,173,139
46,71,168,139
47,71,163,138
48,71,130,182
49,71,134,178
50,71,139,177
51,71,142,179
52,71,146,178
53,71,152,182
54,71,158,188
55,71,152,195
56,71,145,197
57,71,141,196
58,71,137,195
59,71,133,190
60,71,133,183
61,71,138,180
62,71,141,181
63,71,145,182
64,71,155,187
65,71,145,190
66,71,141,190
67,71,138,188
0,72,115,138
1,72,113,150
2,72,112,161
3,72,113,173
4,72,115,184
5,72,120,195
6,72,125,205
7,72,131,214
8,72,140,219
9,72,151,218
10,72,163,214
11,72,174,208
12,72,184,199
13,72,191,187
14,72,195,175
15,72,198,161
16,72,200,148
17,72,120,121
18,72,124,116
19,72,130,115
20,72,137,116
21,72,143,118
22,72,154,118
23,72,163,117
24,72,171,118
25,72,178,123
26,72,183,129
27,72,147,130
28,72,145,137
29,72,144,145
30,72,143,153
31,72,135,160
32,72,139,162
33,72,143,164
34,72,147,164
35,72,152,163
36,72,126,129
37,72,130,127
38,72,135,127
39,72,139,131
40,72,135,131
41,72,130,131
42,72,159,134
43,72,164,132
44,72,169,133
45,72,173,136
46,72,168,137
47,72,163,135
48,72,131,180
49,72,134,176
50,72,139,175
51,72,142,176
52,72,146,176
53,72,153,180
54,72,159,185
55,72,152,192
56,72,145,194
57,72,141,194
58,72,137,192
59,72,133,188
60,72,134,180
61,72,139,178
62,72,142,179
63,72,146,180
64,72,156,185
65,72,145,188
66,72,142,187
67,72,138,186
0,73,116,137
1,73,114,148
2,73,113,160
3,73,114,173
4,73,116,185
5,73,120,196
6,73,126,206
7,73,132,215
8,73,141,219
9,73,152,219
10,73,164,214
11,73,175,208
12,73,184,199
13,73,191,187
14,73,196,174
15,73,199,161
16,73,201,147
17,73,121,119
18,73,125,114
19,73,131,112
20,73,138,113
21,73,143,116
22,73,155,117
23,73,163,115
24,73,172,117
25,73,179,121
26,73,184,129
27,73,147,128
28,73,146,136
29,73,144,144
30,73,143,153
31,73,135,159
32,73,139,162
33,73,143,164
34,73,148,163
35,73,152,162
36,73,127,128
37,73,131,126
38,73,136,126
39,73,140,130
40,73,135,130
41,73,131,130
42,73,159,133
43,73,164,131
44,73,169,132
45,73,174,136
46,73,169,136
47,73,164,135
48,73,131,180
49,73,135,176
50,73,140,175
51,73,142,176
52,73,146,176
53,73,153,180
54,73,159,185
55,73,152,192
56,73,145,194
57,73,141,194
58,73,138,192
59,73,134,188
60,73,134,180
61,73,139,178
62,73,142,179
63,73,146,179
64,73,156,184
65,73,146,188
66,73,142,187
67,73,139,186
0,74,115,134
1,74,114,146
2,74,113,159
3,74,113,172
4,74,115,184
5,74,119,195
6,74,125,206
7,74,131,215
8,74,140,220
9,74,151,220
10,74,162,215
11,74,173,209
12,74,183,200
13,74,191,188
14,74,195,175
15,74,199,161
16,74,202,147
17,74,123,117
18,74,126,112
19,74,132,111
20,74,139,112
21,74,144,116
22,74,156,118
23,74,164,117
24,74,173,118
25,74,180,123
26,74,185,129
27,74,147,130
28,74,146,138
29,74,144,146
30,74,142,155
31,74,135,161
32,74,138,164
33,74,142,166
34,74,147,165
35,74,152,164
36,74,128,128
37,74,132,127
38,74,136,127
39,74,140,131
40,74,135,131
41,74,131,130
42,74,160,134
43,74,165,133
44,74,170,135
45,74,174,138
46,74,169,138
47,74,164,137
48,74,131,182
49,74,134,178
50,74,139,176
51,74,142,178
52,74,146,178
53,74,152,181
54,74,159,187
55,74,152,194
56,74,145,196
57,74,141,196
58,74,137,194
59,74,133,190
60,74,134,182
61,74,139,180
62,74,142,181
63,74,145,182
64,74,156,186
65,74,146,189
66,74,142,189
67,74,138,187
0,75,115,135
1,75,113,147
2,75,112,160
3,75,113,173
4,75,115,185
5,75,119,196
6,75,125,207
7,75,132,216
8,75,141,220
9,75,152,220
10,75,163,215
11,75,174,209
12,75,184,199
13,75,191,188
14,75,195,175
15,75,198,161
16,75,200,147
17,75,122,118
18,75,126,113
19,75,132,111
20,75,138,113
21,75,144,116
22,75,156,118
23,75,164,117
24,75,172,118
25,75,179,123
26,75,184,130
27,75,147,130
28,75,146,138
29,75,144,146
30,75,142,155
31,75,135,161
32,75,138,164
33,75,142,166
34,75,147,165
35,75,152,164
36,75,128,129
37,75,132,127
38,75,136,128
39,75,140,131
40,75,135,131
41,75,131,131
42,75,159,135
43,75,164,133
44,75,169,134
45,75,174,138
46,75,168,138
47,75,163,137
48,75,130,182
49,75,134,178
50,75,139,176
51,75,142,178
52,75,146,178
53,75,153,181
54,75,159,187
55,75,152,194
56,75,145,196
57,75,141,196
58,75,137,194
59,75,133,190
60,75,133,182
61,75,138,180
62,75,142,181
63,75,145,181
64,75,156,186
65,75,146,189
66,75,142,189
67,75,138,187
0,76,116,138
1,76,113,150
2,76,111,162
3,76,112,175
4,76,115,186
5,76,120,197
6,76,126,208
7,76,132,217
8,76,141,221
9,76,153,220
10,76,164,215
11,76,175,209
12,76,184,200
13,76,191,189
14,76,195,176
15,76,198,163
16,76,200,149
17,76,121,121
18,76,125,117
19,76,131,115
20,76,138,116
21,76,144,119
22,76,155,119
23,76,163,118
24,76,172,119
25,76,179,124
26,76,184,131
27,76,147,131
28,76,146,139
29,76,144,147
30,76,143,155
31,76,135,161
32,76,139,164
33,76,143,166
34,76,148,165
35,76,152,165
36,76,127,130
37,76,131,128
38,76,136,128
39,76,140,132
40,76,135,132
41,76,131,132
42,76,159,135
43,76,164,133
44,76,169,134
45,76,174,138
46,76,169,138
47,76,164,137
48,76,131,182
49,76,134,178
50,76,139,176
51,76,142,178
52,76,146,178
53,76,153,182
54,76,159,187
55,76,152,194
56,76,145,196
57,76,141,196
58,76,137,194
59,76,133,189
60,76,134,182
61,76,139,180
62,76,142,181
63,76,146,181
64,76,156,187
65,76,146,190
66,76,142,189
