,frame,x,y
0,1,838,295
1,1,839,315
2,1,841,335
3,1,848,354
4,1,861,369
5,1,878,379
6,1,898,385
7,1,920,388
8,1,941,387
9,1,960,384
10,1,973,376
11,1,983,363
12,1,989,348
13,1,993,331
14,1,994,313
15,1,992,295
16,1,988,277
17,1,861,256
18,1,870,242
19,1,883,234
20,1,899,233
21,1,914,237
22,1,934,237
23,1,945,231
24,1,959,230
25,1,971,235
26,1,977,246
27,1,928,253
28,1,930,262
29,1,933,271
30,1,935,280
31,1,918,300
32,1,927,301
33,1,935,302
34,1,942,300
35,1,948,298
36,1,881,265
37,1,888,260
38,1,897,258
39,1,905,261
40,1,898,262
41,1,890,264
42,1,943,259
43,1,952,255
44,1,959,255
45,1,965,259
46,1,959,259
47,1,952,259
48,1,912,336
49,1,921,323
50,1,930,317
51,1,936,318
52,1,942,316
53,1,951,321
54,1,958,333
55,1,953,334
56,1,946,334
57,1,939,335
58,1,932,336
59,1,923,336
60,1,917,334
61,1,931,327
62,1,937,326
63,1,943,326
64,1,954,331
65,1,944,325
66,1,938,326
67,1,931,326
0,2,836,289
1,2,838,310
2,2,840,330
3,2,847,350
4,2,860,366
5,2,878,376
6,2,900,382
7,2,923,384
8,2,944,384
9,2,962,380
10,2,975,370
11,2,986,358
12,2,991,342
13,2,994,324
14,2,994,306
15,2,991,288
16,2,988,271
17,2,862,253
18,2,871,240
19,2,884,232
20,2,900,231
21,2,915,237
22,2,934,236
23,2,946,230
24,2,959,229
25,2,970,234
26,2,976,245
27,2,928,253
28,2,931,261
29,2,933,270
30,2,936,279
31,2,919,297
32,2,927,299
33,2,936,300
34,2,943,298
35,2,949,295
36,2,882,264
37,2,890,259
38,2,898,257
39,2,906,260
40,2,899,261
41,2,891,262
42,2,943,258
43,2,951,254
44,2,958,255
45,2,965,258
46,2,958,258
47,2,951,258
48,2,912,334
49,2,922,321
50,2,931,315
51,2,938,316
52,2,943,314
53,2,952,319
54,2,958,329
55,2,954,332
56,2,947,333
57,2,941,334
58,2,934,334
59,2,924,335
60,2,917,331
61,2,932,325
62,2,938,324
63,2,944,324
64,2,954,327
65,2,945,324
66,2,939,324
67,2,933,325
0,3,839,288
1,3,841,309
2,3,843,330
3,3,849,350
4,3,863,366
5,3,881,376
6,3,902,380
7,3,925,383
8,3,946,383
9,3,964,379
10,3,977,370
11,3,987,358
12,3,993,343
13,3,997,325
14,3,997,307
15,3,994,289
16,3,991,271
17,3,864,251
18,3,873,238
19,3,886,230
20,3,902,229
21,3,916,233
22,3,938,233
23,3,949,228
24,3,962,227
25,3,973,232
26,3,978,243
27,3,931,251
28,3,934,259
29,3,936,268
30,3,939,277
31,3,921,295
32,3,930,296
33,3,938,297
34,3,945,296
35,3,951,294
36,3,884,261
37,3,892,257
38,3,900,255
39,3,908,257
40,3,901,258
41,3,893,260
42,3,946,256
43,3,954,253
44,3,961,253
45,3,968,257
46,3,961,256
47,3,954,256
48,3,915,331
49,3,924,319
50,3,933,314
51,3,939,315
52,3,945,313
53,3,954,318
54,3,961,328
55,3,955,329
56,3,948,328
57,3,942,329
58,3,935,329
59,3,926,330
60,3,919,328
61,3,933,322
62,3,940,322
63,3,946,322
64,3,957,326
65,3,947,321
66,3,940,321
67,3,934,321
0,4,830,272
1,4,833,293
2,4,836,314
3,4,843,335
4,4,855,352
5,4,872,365
6,4,894,372
7,4,917,376
8,4,936,372
9,4,950,366
10,4,962,354
11,4,974,339
12,4,982,323
13,4,987,304
14,4,989,287
15,4,988,268
16,4,984,251
17,4,857,242
18,4,866,224
19,4,882,213
20,4,901,211
21,4,919,216
22,4,935,213
23,4,946,207
24,4,958,206
25,4,969,212
26,4,975,223
27,4,929,235
28,4,932,248
29,4,936,262
30,4,939,276
31,4,921,292
32,4,929,293
33,4,937,294
34,4,944,291
35,4,950,287
36,4,877,245
37,4,885,238
38,4,894,236
39,4,904,242
40,4,896,245
41,4,886,246
42,4,945,238
43,4,952,231
44,4,959,229
45,4,965,235
46,4,960,237
47,4,953,237
48,4,910,326
49,4,922,318
50,4,931,312
51,4,939,313
52,4,946,310
53,4,952,311
54,4,956,316
55,4,952,319
56,4,948,323
57,4,940,325
58,4,933,326
59,4,923,327
60,4,915,324
61,4,932,319
62,4,939,319
63,4,946,317
64,4,953,316
65,4,946,315
66,4,939,318
67,4,932,318
0,5,836,286
1,5,839,306
2,5,842,326
3,5,849,345
4,5,863,361
5,5,882,371
6,5,903,377
7,5,925,380
8,5,943,379
9,5,959,373
10,5,970,363
11,5,980,348
12,5,988,332
13,5,993,315
14,5,994,297
15,5,992,278
16,5,988,260
17,5,862,251
18,5,870,237
19,5,885,229
20,5,901,228
21,5,917,233
22,5,937,232
23,5,947,226
24,5,959,225
25,5,970,229
26,5,975,239
27,5,930,250
28,5,933,259
29,5,936,267
30,5,939,276
31,5,920,292
32,5,929,294
33,5,938,294
34,5,945,292
35,5,952,290
36,5,883,259
37,5,891,255
38,5,899,253
39,5,908,256
40,5,901,258
41,5,892,259
42,5,944,254
43,5,951,251
44,5,959,251
45,5,965,254
46,5,959,254
47,5,952,254
48,5,912,327
49,5,924,314
50,5,936,307
51,5,943,308
52,5,950,306
53,5,958,311
54,5,964,320
55,5,960,331
56,5,952,338
57,5,945,340
58,5,937,340
59,5,925,337
60,5,918,325
61,5,937,318
62,5,943,318
63,5,950,317
64,5,960,320
65,5,951,325
66,5,944,327
67,5,937,328
0,6,837,287
1,6,840,308
2,6,843,328
3,6,849,346
4,6,863,361
5,6,882,371
6,6,903,377
7,6,926,382
8,6,946,382
9,6,965,377
10,6,977,366
11,6,985,350
12,6,990,332
13,6,992,313
14,6,992,296
15,6,990,278
16,6,986,260
17,6,862,250
18,6,869,237
19,6,882,229
20,6,898,227
21,6,912,232
22,6,935,231
23,6,946,226
24,6,958,225
25,6,968,230
26,6,974,240
27,6,927,248
28,6,930,257
29,6,933,265
30,6,936,274
31,6,918,291
32,6,927,292
33,6,937,292
34,6,943,290
35,6,950,287
36,6,881,259
37,6,889,255
38,6,897,253
39,6,906,256
40,6,899,258
41,6,890,259
42,6,942,254
43,6,950,250
44,6,957,250
45,6,964,254
46,6,957,254
47,6,950,254
48,6,910,325
49,6,922,313
50,6,934,307
51,6,941,308
52,6,949,305
53,6,960,308
54,6,968,315
55,6,962,329
56,6,953,335
57,6,945,338
58,6,937,338
59,6,925,335
60,6,915,324
61,6,934,316
62,6,942,316
63,6,950,314
64,6,966,315
65,6,951,326
66,6,944,328
67,6,936,328
0,7,836,287
1,7,839,308
2,7,843,328
3,7,850,346
4,7,863,362
5,7,882,372
6,7,903,378
7,7,925,381
8,7,945,381
9,7,964,376
10,7,976,365
11,7,985,350
12,7,991,333
13,7,994,315
14,7,994,298
15,7,992,280
16,7,988,262
17,7,859,252
18,7,867,238
19,7,881,229
20,7,897,227
21,7,913,232
22,7,933,231
23,7,945,226
24,7,958,225
25,7,969,230
26,7,975,241
27,7,926,247
28,7,929,255
29,7,933,264
30,7,936,273
31,7,918,290
32,7,927,291
33,7,936,292
34,7,943,289
35,7,949,287
36,7,880,259
37,7,888,254
38,7,897,252
39,7,906,255
40,7,898,257
41,7,889,259
42,7,941,253
43,7,949,249
44,7,957,249
45,7,964,252
46,7,957,253
47,7,950,253
48,7,909,326
49,7,920,311
50,7,932,305
51,7,940,306
52,7,948,303
53,7,958,306
54,7,965,315
55,7,960,326
56,7,951,333
57,7,943,335
58,7,935,336
59,7,922,334
60,7,914,324
61,7,933,314
62,7,941,314
63,7,948,312
64,7,961,315
65,7,950,323
66,7,942,325
67,7,934,326
0,8,846,283
1,8,848,305
2,8,851,326
3,8,858,345
4,8,871,361
5,8,888,371
6,8,908,379
7,8,929,383
8,8,948,382
9,8,964,377
10,8,975,366
11,8,984,350
12,8,990,335
13,8,995,319
14,8,998,302
15,8,997,284
16,8,995,267
17,8,871,248
18,8,879,234
19,8,893,225
20,8,910,222
21,8,924,229
22,8,946,228
23,8,957,222
24,8,969,222
25,8,980,227
26,8,985,238
27,8,938,244
28,8,940,252
29,8,943,260
30,8,946,268
31,8,927,286
32,8,936,288
33,8,944,288
34,8,951,286
35,8,957,283
36,8,890,257
37,8,898,254
38,8,907,252
39,8,915,253
40,8,908,256
41,8,899,258
42,8,951,252
43,8,960,250
44,8,967,250
45,8,973,253
46,8,967,254
47,8,960,254
48,8,914,326
49,8,926,312
50,8,938,305
51,8,945,306
52,8,952,303
53,8,961,307
54,8,967,317
55,8,962,330
56,8,954,336
57,8,946,339
58,8,939,339
59,8,927,337
60,8,919,325
61,8,938,313
62,8,945,313
63,8,952,312
64,8,964,317
65,8,953,327
66,8,945,329
67,8,938,330
0,9,845,288
1,9,848,310
2,9,852,331
3,9,860,350
4,9,874,366
5,9,892,377
6,9,913,385
7,9,935,390
8,9,955,388
9,9,972,381
10,9,984,370
11,9,994,354
12,9,1001,336
13,9,1005,318
14,9,1005,298
15,9,1002,277
16,9,997,257
17,9,866,250
18,9,873,234
19,9,886,223
20,9,903,220
21,9,919,223
22,9,940,215
23,9,952,208
24,9,965,207
25,9,977,211
26,9,983,222
27,9,934,239
28,9,938,248
29,9,941,256
30,9,945,266
31,9,928,288
32,9,937,288
33,9,946,287
34,9,953,284
35,9,959,281
36,9,886,257
37,9,893,248
38,9,903,245
39,9,912,251
40,9,905,254
41,9,895,257
42,9,950,242
43,9,957,232
44,9,967,231
45,9,975,236
46,9,969,240
47,9,960,242
48,9,917,335
49,9,926,316
50,9,940,307
51,9,947,307
52,9,956,304
53,9,968,309
54,9,976,325
55,9,970,337
56,9,960,344
57,9,951,348
58,9,941,349
59,9,928,347
60,9,922,332
61,9,940,318
62,9,949,316
63,9,957,315
64,9,972,323
65,9,958,333
66,9,949,335
67,9,941,337
0,10,840,287
1,10,843,308
2,10,846,328
3,10,853,347
4,10,865,362
5,10,883,373
6,10,902,379
7,10,925,381
8,10,946,380
9,10,964,375
10,10,977,366
11,10,987,351
12,10,993,334
13,10,996,316
14,10,997,299
15,10,996,280
16,10,992,261
17,10,861,249
18,10,868,234
19,10,883,224
20,10,900,221
21,10,916,224
22,10,936,220
23,10,949,216
24,10,962,216
25,10,973,223
26,10,979,235
27,10,930,240
28,10,933,246
29,10,936,253
30,10,939,260
31,10,921,282
32,10,930,282
33,10,939,282
34,10,946,280
35,10,952,279
36,10,882,255
37,10,890,250
38,10,899,248
39,10,908,249
40,10,901,252
41,10,892,254
42,10,944,246
43,10,953,243
44,10,961,244
45,10,967,248
46,10,961,248
47,10,953,248
48,10,915,326
49,10,924,307
50,10,935,298
51,10,942,299
52,10,950,298
53,10,960,305
54,10,965,323
55,10,960,330
56,10,952,334
57,10,944,335
58,10,936,335
59,10,925,333
60,10,920,323
61,10,936,309
62,10,942,309
63,10,950,308
64,10,961,320
65,10,951,324
66,10,943,325
67,10,936,325
0,11,835,285
1,11,838,304
2,11,841,324
3,11,848,344
4,11,860,360
5,11,878,372
6,11,897,380
7,11,919,385
8,11,941,385
9,11,959,379
10,11,973,368
11,11,984,351
12,11,990,330
13,11,992,309
14,11,992,289
15,11,988,268
16,11,983,249
17,11,854,248
18,11,861,233
19,11,874,223
20,11,890,219
21,11,907,222
22,11,932,217
23,11,944,211
24,11,956,210
25,11,967,215
26,11,974,227
27,11,924,237
28,11,927,244
29,11,931,252
30,11,935,260
31,11,917,282
32,11,927,283
33,11,936,283
34,11,943,280
35,11,950,277
36,11,876,253
37,11,884,244
38,11,893,241
39,11,903,246
40,11,895,249
41,11,886,251
42,11,941,240
43,11,948,233
44,11,957,232
45,11,964,237
46,11,958,240
47,11,949,240
48,11,908,322
49,11,918,307
50,11,930,301
51,11,939,302
52,11,948,300
53,11,960,304
54,11,968,315
55,11,962,330
56,11,951,338
57,11,941,340
58,11,932,339
59,11,919,335
60,11,913,321
61,11,931,308
62,11,940,309
63,11,948,308
64,11,965,315
65,11,949,329
66,11,940,331
67,11,931,330
0,12,836,287
1,12,839,308
2,12,843,329
3,12,851,349
4,12,866,364
5,12,883,375
6,12,901,382
7,12,922,386
8,12,941,386
9,12,959,381
10,12,974,368
11,12,985,350
12,12,992,330
13,12,996,309
14,12,995,289
15,12,991,268
16,12,985,248
17,12,854,248
18,12,860,234
19,12,873,225
20,12,889,221
21,12,905,223
22,12,928,219
23,12,940,212
24,12,954,211
25,12,967,216
26,12,974,228
27,12,919,238
28,12,922,246
29,12,924,253
30,12,926,261
31,12,911,284
32,12,920,285
33,12,929,285
34,12,937,283
35,12,944,280
36,12,874,253
37,12,881,245
38,12,891,242
39,12,901,247
40,12,893,250
41,12,883,252
42,12,937,240
43,12,946,233
44,12,955,232
45,12,963,237
46,12,956,240
47,12,947,241
48,12,908,325
49,12,915,309
50,12,926,301
51,12,933,303
52,12,941,301
53,12,953,306
54,12,963,317
55,12,956,332
56,12,946,338
57,12,937,340
58,12,929,340
59,12,918,336
60,12,913,323
61,12,927,310
62,12,934,311
63,12,941,310
64,12,959,317
65,12,943,328
66,12,935,329
67,12,928,329
0,13,837,279
1,13,841,299
2,13,845,319
3,13,853,338
4,13,868,352
5,13,886,360
6,13,906,363
7,13,926,364
8,13,943,361
9,13,958,354
10,13,971,347
11,13,983,337
12,13,992,323
13,13,996,306
14,13,995,287
15,13,992,267
16,13,987,249
17,13,859,243
18,13,866,229
19,13,879,218
20,13,895,213
21,13,911,214
22,13,930,208
23,13,942,201
24,13,954,200
25,13,966,205
26,13,974,214
27,13,924,229
28,13,927,236
29,13,930,243
30,13,932,251
31,13,918,273
32,13,926,272
33,13,934,271
34,13,941,269
35,13,947,267
36,13,878,248
37,13,885,240
38,13,894,236
39,13,904,240
40,13,896,244
41,13,887,246
42,13,942,231
43,13,949,223
44,13,958,221
45,13,966,226
46,13,959,229
47,13,951,230
48,13,909,318
49,13,917,299
50,13,928,287
51,13,936,287
52,13,943,284
53,13,954,291
54,13,961,305
55,13,957,313
56,13,949,318
57,13,940,320
58,13,932,322
59,13,920,323
60,13,915,315
61,13,929,298
62,13,937,296
63,13,945,295
64,13,956,304
65,13,946,307
66,13,938,309
67,13,930,311
0,14,839,272
1,14,842,292
2,14,846,310
3,14,853,328
4,14,866,341
5,14,883,350
6,14,903,354
7,14,923,354
8,14,941,351
9,14,956,345
10,14,967,337
11,14,978,327
12,14,986,315
13,14,991,300
14,14,991,284
15,14,989,267
16,14,985,250
17,14,864,240
18,14,871,226
19,14,884,218
20,14,900,216
21,14,915,220
22,14,935,218
23,14,945,212
24,14,957,210
25,14,968,214
26,14,974,223
27,14,928,233
28,14,930,238
29,14,933,243
30,14,936,249
31,14,918,268
32,14,927,269
33,14,935,269
34,14,942,267
35,14,948,264
36,14,882,246
37,14,890,240
38,14,898,238
39,14,907,241
40,14,900,243
41,14,891,245
42,14,942,237
43,14,950,232
44,14,957,231
45,14,964,235
46,14,958,236
47,14,950,236
48,14,911,311
49,14,919,292
50,14,930,283
51,14,937,283
52,14,943,281
53,14,952,287
54,14,956,302
55,14,953,311
56,14,946,316
57,14,939,319
58,14,932,320
59,14,921,320
60,14,916,309
61,14,931,290
62,14,937,289
63,14,944,288
64,14,952,300
65,14,945,307
66,14,938,309
67,14,931,311
0,15,840,274
1,15,844,293
2,15,847,311
3,15,854,327
4,15,866,341
5,15,882,349
6,15,901,355
7,15,920,356
8,15,937,355
9,15,953,350
10,15,966,343
11,15,977,332
12,15,986,321
13,15,992,305
14,15,994,289
15,15,992,272
16,15,988,256
17,15,866,238
18,15,873,225
19,15,886,218
20,15,902,216
21,15,917,219
22,15,934,217
23,15,945,213
24,15,958,213
25,15,968,219
26,15,974,228
27,15,928,233
28,15,930,238
29,15,933,242
30,15,936,247
31,15,919,267
32,15,927,268
33,15,936,268
34,15,942,267
35,15,948,264
36,15,883,245
37,15,891,240
38,15,900,237
39,15,908,241
40,15,901,244
41,15,892,245
42,15,942,239
43,15,950,233
44,15,958,234
45,15,964,239
46,15,958,239
47,15,950,239
48,15,914,311
49,15,922,293
50,15,932,283
51,15,938,284
52,15,943,282
53,15,951,288
54,15,955,303
55,15,952,313
56,15,946,318
57,15,940,320
58,15,933,321
59,15,923,320
60,15,918,309
61,15,933,290
62,15,938,289
63,15,943,289
64,15,951,302
65,15,944,311
66,15,939,312
67,15,933,314
0,16,838,272
1,16,842,292
2,16,846,311
3,16,854,327
4,16,864,340
5,16,879,350
6,16,896,356
7,16,916,357
8,16,933,357
9,16,949,352
10,16,961,345
11,16,973,335
12,16,982,323
13,16,988,308
14,16,990,290
15,16,989,271
16,16,985,252
17,16,861,239
18,16,868,226
19,16,881,216
20,16,897,212
21,16,912,215
22,16,935,211
23,16,946,205
24,16,957,204
25,16,968,209
26,16,974,218
27,16,926,230
28,16,929,236
29,16,932,242
30,16,935,248
31,16,919,270
32,16,927,270
33,16,934,269
34,16,940,268
35,16,946,266
36,16,880,246
37,16,887,239
38,16,896,236
39,16,905,239
40,16,897,243
41,16,889,245
42,16,942,234
43,16,950,227
44,16,958,226
45,16,965,231
46,16,959,233
47,16,951,234
48,16,910,317
49,16,918,299
50,16,928,290
51,16,935,290
52,16,940,288
53,16,948,295
54,16,951,309
55,16,948,318
56,16,942,323
57,16,935,324
58,16,928,325
59,16,918,324
60,16,914,314
61,16,929,297
62,16,935,296
63,16,940,295
64,16,947,308
65,16,940,314
66,16,934,316
67,16,928,317
0,17,839,275
1,17,841,294
2,17,845,314
3,17,852,330
4,17,864,344
5,17,878,354
6,17,895,361
7,17,914,364
8,17,932,365
9,17,948,361
10,17,962,355
11,17,975,345
12,17,984,333
13,17,990,316
14,17,993,299
15,17,991,280
16,17,988,263
17,17,866,236
18,17,874,224
19,17,886,216
20,17,901,214
21,17,914,217
22,17,934,216
23,17,945,212
24,17,957,213
25,17,967,220
26,17,972,230
27,17,927,233
28,17,929,238
29,17,932,243
30,17,935,249
31,17,919,271
32,17,926,271
33,17,933,271
34,17,938,270
35,17,943,269
36,17,883,245
37,17,891,239
38,17,899,237
39,17,906,240
40,17,899,243
41,17,891,244
42,17,941,239
43,17,949,235
44,17,956,235
45,17,962,241
46,17,956,241
47,17,949,240
48,17,910,319
49,17,918,299
50,17,928,290
51,17,934,290
52,17,940,288
53,17,949,295
54,17,952,313
55,17,949,323
56,17,942,327
57,17,935,328
58,17,928,328
59,17,918,327
60,17,914,316
61,17,929,297
62,17,934,296
63,17,940,296
64,17,948,311
65,17,940,318
66,17,934,319
67,17,928,320
0,18,840,280
1,18,844,299
2,18,848,318
3,18,856,333
4,18,868,345
5,18,882,355
6,18,900,361
7,18,918,363
8,18,937,363
9,18,952,360
10,18,966,353
11,18,977,343
12,18,985,330
13,18,991,314
14,18,993,297
15,18,990,278
16,18,987,261
17,18,863,238
18,18,870,225
19,18,883,216
20,18,898,213
21,18,912,217
22,18,935,216
23,18,946,212
24,18,958,213
25,18,967,219
26,18,973,229
27,18,927,231
28,18,930,236
29,18,933,241
30,18,936,247
31,18,920,269
32,18,928,270
33,18,935,269
34,18,941,268
35,18,946,266
36,18,882,245
37,18,889,239
38,18,897,237
39,18,906,240
40,18,899,243
41,18,890,245
42,18,941,238
43,18,949,234
44,18,957,235
45,18,963,240
46,18,957,240
47,18,949,239
48,18,911,315
49,18,920,297
50,18,931,289
51,18,937,290
52,18,942,288
53,18,951,295
54,18,955,309
55,18,952,321
56,18,944,325
57,18,938,326
58,18,932,326
59,18,921,324
60,18,916,313
61,18,931,295
62,18,937,294
63,18,942,294
64,18,951,308
65,18,943,317
66,18,937,318
67,18,931,318
0,19,840,275
1,19,843,294
2,19,846,314
3,19,853,330
4,19,865,343
5,19,880,353
6,19,898,360
7,19,917,364
8,19,935,365
9,19,951,363
10,19,964,356
11,19,976,345
12,19,985,333
13,19,991,316
14,19,993,299
15,19,992,280
16,19,988,262
17,19,865,237
18,19,873,224
19,19,887,215
20,19,902,213
21,19,917,217
22,19,934,216
23,19,946,212
24,19,959,214
25,19,970,221
26,19,976,232
27,19,928,231
28,19,931,236
29,19,934,241
30,19,937,246
31,19,919,269
32,19,928,270
33,19,935,270
34,19,941,268
35,19,946,267
36,19,883,243
37,19,891,238
38,19,899,236
39,19,907,239
40,19,900,241
41,19,892,242
42,19,943,238
43,19,951,235
44,19,958,236
45,19,964,240
46,19,957,240
47,19,950,239
48,19,911,315
49,19,920,297
50,19,931,289
51,19,937,290
52,19,942,288
53,19,951,295
54,19,955,311
55,19,952,322
56,19,944,326
57,19,937,327
58,19,931,327
59,19,920,325
60,19,916,313
61,19,931,295
62,19,937,295
63,19,942,295
64,19,951,309
65,19,943,318
66,19,937,318
67,19,931,319
0,20,841,279
1,20,844,298
2,20,847,316
3,20,854,333
4,20,866,345
5,20,881,354
6,20,898,360
7,20,916,364
8,20,935,365
9,20,951,362
10,20,964,355
11,20,976,345
12,20,985,333
13,20,991,318
14,20,993,301
15,20,992,282
16,20,989,265
17,20,867,236
18,20,875,223
19,20,887,214
20,20,903,212
21,20,917,216
22,20,938,215
23,20,950,212
24,20,962,214
25,20,972,222
26,20,976,232
27,20,930,231
28,20,932,236
29,20,935,241
30,20,938,246
31,20,921,268
32,20,928,270
33,20,936,270
34,20,942,269
35,20,947,267
36,20,885,244
37,20,892,238
38,20,900,236
39,20,909,239
40,20,901,241
41,20,893,243
42,20,944,238
43,20,952,235
44,20,959,237
45,20,965,242
46,20,959,241
47,20,952,240
48,20,911,315
49,20,921,297
50,20,932,288
51,20,938,289
52,20,943,287
53,20,951,295
54,20,955,311
55,20,952,323
56,20,944,327
57,20,938,327
58,20,932,327
59,20,921,325
60,20,916,314
61,20,932,295
62,20,937,294
63,20,942,294
64,20,951,309
65,20,943,318
66,20,937,318
67,20,932,318
0,21,841,273
1,21,843,293
2,21,845,313
3,21,851,330
4,21,863,344
5,21,878,354
6,21,894,360
7,21,913,364
8,21,932,365
9,21,949,362
10,21,961,354
11,21,973,344
12,21,982,331
13,21,988,315
14,21,990,298
15,21,991,279
16,21,988,262
17,21,868,235
18,21,876,224
19,21,889,215
20,21,904,212
21,21,918,216
22,21,939,216
23,21,950,212
24,21,962,214
25,21,972,222
26,21,977,233
27,21,931,231
28,21,933,236
29,21,936,241
30,21,939,247
31,21,921,269
32,21,929,270
33,21,936,271
34,21,942,270
35,21,946,268
36,21,886,244
37,21,893,238
38,21,902,236
39,21,909,239
40,21,902,241
41,21,894,243
42,21,944,239
43,21,952,236
44,21,959,237
45,21,965,242
46,21,959,241
47,21,952,240
48,21,913,317
49,21,922,297
50,21,932,289
51,21,937,289
52,21,941,288
53,21,950,296
54,21,952,313
55,21,950,323
56,21,942,326
57,21,937,326
58,21,931,326
59,21,921,324
60,21,917,314
61,21,932,296
62,21,937,295
63,21,941,296
64,21,949,311
65,21,941,317
66,21,936,317
67,21,931,318
0,22,842,269
1,22,844,289
2,22,846,308
3,22,852,325
4,22,863,338
5,22,878,348
6,22,895,354
7,22,913,359
8,22,932,361
9,22,948,357
10,22,959,349
11,22,970,339
12,22,978,327
13,22,984,312
14,22,988,296
15,22,989,278
16,22,987,261
17,22,872,233
18,22,880,221
19,22,893,214
20,22,908,212
21,22,921,216
22,22,941,216
23,22,951,213
24,22,963,214
25,22,972,222
26,22,976,231
27,22,933,232
28,22,936,237
29,22,938,242
30,22,941,248
31,22,922,269
32,22,930,270
33,22,937,271
34,22,943,270
35,22,948,268
36,22,889,242
37,22,897,237
38,22,905,236
39,22,912,239
40,22,906,241
41,22,897,242
42,22,946,239
43,22,953,236
44,22,960,237
45,22,965,242
46,22,960,241
47,22,953,241
48,22,914,315
49,22,923,297
50,22,934,289
51,22,938,290
52,22,943,289
53,22,951,296
54,22,953,312
55,22,951,322
56,22,944,326
57,22,938,326
58,22,933,326
59,22,922,324
60,22,918,313
61,22,934,296
62,22,938,295
63,22,943,295
64,22,949,310
65,22,943,317
66,22,938,317
67,22,933,318
0,23,844,263
1,23,846,283
2,23,847,302
3,23,852,320
4,23,863,334
5,23,877,345
6,23,894,354
7,23,912,359
8,23,930,360
9,23,946,357
10,23,957,349
11,23,966,337
12,23,973,323
13,23,979,307
14,23,982,291
15,23,984,273
16,23,983,257
17,23,875,234
18,23,882,222
19,23,895,214
20,23,909,212
21,23,923,216
22,23,943,216
23,23,954,213
24,23,965,215
25,23,973,222
26,23,976,232
27,23,935,232
28,23,937,238
29,23,940,243
30,23,943,248
31,23,926,270
32,23,933,271
33,23,939,271
34,23,944,271
35,23,948,270
36,23,891,242
37,23,899,237
38,23,907,236
39,23,914,239
40,23,907,241
41,23,900,242
42,23,947,238
43,23,954,235
44,23,961,237
45,23,965,241
46,23,960,240
47,23,954,239
48,23,917,315
49,23,926,297
50,23,937,289
51,23,941,290
52,23,946,288
53,23,953,295
54,23,954,312
55,23,951,320
56,23,945,324
57,23,940,324
58,23,935,324
59,23,925,323
60,23,921,313
61,23,936,296
62,23,941,295
63,23,945,296
64,23,950,310
65,23,945,315
66,23,940,315
67,23,935,316
0,24,848,262
1,24,849,281
2,24,851,301
3,24,856,318
4,24,866,332
5,24,881,343
6,24,897,351
7,24,916,357
8,24,933,359
9,24,948,356
10,24,959,348
11,24,968,336
12,24,976,323
13,24,982,308
14,24,986,292
15,24,988,275
16,24,987,258
17,24,878,233
18,24,887,221
19,24,899,213
20,24,914,212
21,24,927,216
22,24,946,217
23,24,957,214
24,24,968,215
25,24,977,223
26,24,980,234
27,24,940,231
28,24,942,236
29,24,944,241
30,24,947,247
31,24,928,268
32,24,936,269
33,24,943,270
34,24,948,269
35,24,953,268
36,24,895,241
37,24,903,237
38,24,911,235
39,24,918,238
40,24,911,239
41,24,904,240
42,24,950,238
43,24,958,236
44,24,964,238
45,24,969,242
46,24,963,240
47,24,957,240
48,24,918,310
49,24,927,294
50,24,938,287
51,24,943,288
52,24,947,287
53,24,955,294
54,24,957,309
55,24,954,319
56,24,947,324
57,24,941,324
58,24,936,324
59,24,926,321
60,24,922,309
61,24,938,294
62,24,942,293
63,24,947,294
64,24,953,307
65,24,946,316
66,24,941,316
67,24,937,316
0,37,856,277
1,37,858,296
2,37,860,314
3,37,865,331
4,37,876,345
5,37,891,355
6,37,909,364
7,37,929,370
8,37,950,372
9,37,967,370
10,37,980,362
11,37,990,349
12,37,997,333
13,37,1001,316
14,37,1003,299
15,37,1001,282
16,37,998,265
17,37,883,239
18,37,891,227
19,37,903,219
20,37,917,216
21,37,931,220
22,37,953,221
23,37,963,218
24,37,974,219
25,37,983,227
26,37,987,236
27,37,945,235
28,37,947,241
29,37,950,246
30,37,953,252
31,37,935,271
32,37,943,272
33,37,951,273
34,37,957,272
35,37,962,270
36,37,900,246
37,37,907,242
38,37,915,241
39,37,922,243
40,37,915,244
41,37,908,245
42,37,958,243
43,37,965,241
44,37,972,242
45,37,977,246
46,37,971,245
47,37,965,244
48,37,920,313
49,37,930,295
50,37,943,288
51,37,951,289
52,37,958,288
53,37,968,294
54,37,972,311
55,37,968,323
56,37,959,327
57,37,951,327
58,37,943,327
59,37,931,324
60,37,924,311
61,37,943,295
62,37,951,294
63,37,958,295
64,37,968,309
65,37,958,320
66,37,951,321
67,37,943,321
0,38,861,277
1,38,863,295
2,38,865,312
3,38,868,329
4,38,876,343
5,38,890,352
6,38,909,356
7,38,930,357
8,38,951,357
9,38,969,355
10,38,984,351
11,38,995,342
12,38,1001,330
13,38,1003,315
14,38,1003,300
15,38,1002,285
16,38,1000,270
17,38,885,242
18,38,893,231
19,38,905,223
20,38,920,222
21,38,933,227
22,38,953,228
23,38,964,224
24,38,976,225
25,38,985,231
26,38,990,242
27,38,944,242
28,38,946,249
29,38,948,256
30,38,951,264
31,38,934,278
32,38,941,280
33,38,949,282
34,38,955,280
35,38,961,278
36,38,902,252
37,38,909,248
38,38,916,247
39,38,924,249
40,38,917,250
41,38,910,251
42,38,958,250
43,38,967,249
44,38,973,250
45,38,979,253
46,38,973,252
47,38,966,251
48,38,918,311
49,38,931,300
50,38,942,295
51,38,949,296
52,38,957,295
53,38,965,300
54,38,973,312
55,38,965,314
56,38,957,313
57,38,949,313
58,38,942,313
59,38,930,314
60,38,923,310
61,38,942,301
62,38,949,301
63,38,956,301
64,38,969,310
65,38,956,308
66,38,949,307
67,38,942,308
0,39,859,283
1,39,861,301
2,39,863,319
3,39,867,336
4,39,877,350
5,39,892,358
6,39,912,363
7,39,932,364
8,39,953,363
9,39,971,362
10,39,985,357
11,39,995,347
12,39,1001,335
13,39,1004,320
14,39,1005,304
15,39,1005,289
16,39,1003,274
17,39,885,245
18,39,893,232
19,39,906,225
20,39,921,223
21,39,935,229
22,39,957,230
23,39,968,227
24,39,980,228
25,39,989,234
26,39,994,246
27,39,948,247
28,39,950,253
29,39,953,260
30,39,956,267
31,39,937,285
32,39,946,286
33,39,953,287
34,39,960,286
35,39,966,284
36,39,902,256
37,39,910,251
38,39,918,250
39,39,926,253
40,39,919,254
41,39,911,255
42,39,961,254
43,39,970,252
44,39,977,253
45,39,983,258
46,39,976,257
47,39,969,256
48,39,922,317
49,39,936,309
50,39,947,305
51,39,954,306
52,39,960,305
53,39,968,310
54,39,975,318
55,39,967,320
56,39,960,318
57,39,954,318
58,39,947,318
59,39,936,319
60,39,927,316
61,39,947,311
62,39,953,312
63,39,960,312
64,39,971,316
65,39,959,312
66,39,953,312
67,39,947,312
0,40,861,284
1,40,862,303
2,40,863,321
3,40,867,339
4,40,878,353
5,40,894,364
6,40,912,371
7,40,932,376
8,40,951,376
9,40,968,374
10,40,982,366
11,40,993,355
12,40,1002,342
13,40,1006,325
14,40,1009,309
15,40,1009,292
16,40,1007,277
17,40,885,249
18,40,894,236
19,40,907,228
20,40,924,226
21,40,938,231
22,40,960,230
23,40,972,226
24,40,985,227
25,40,995,234
26,40,1001,245
27,40,952,247
28,40,954,255
29,40,956,263
30,40,958,272
31,40,940,289
32,40,947,290
33,40,954,291
34,40,961,290
35,40,967,289
36,40,904,257
37,40,911,250
38,40,921,249
39,40,930,255
40,40,922,257
41,40,912,258
42,40,966,254
43,40,975,248
44,40,983,249
45,40,990,256
46,40,983,258
47,40,974,257
48,40,922,321
49,40,936,313
50,40,947,310
51,40,954,311
52,40,960,310
53,40,969,314
54,40,978,322
55,40,967,323
56,40,959,322
57,40,953,322
58,40,946,322
59,40,935,323
60,40,928,320
61,40,947,315
62,40,954,315
63,40,960,315
64,40,972,321
65,40,959,317
66,40,953,318
67,40,946,318
0,41,861,281
1,41,862,300
2,41,862,320
3,41,867,338
4,41,877,352
5,41,893,361
6,41,912,367
7,41,932,369
8,41,953,370
9,41,971,368
10,41,985,362
11,41,996,352
12,41,1003,340
13,41,1007,324
14,41,1008,309
15,41,1007,293
16,41,1005,278
17,41,891,244
18,41,902,233
19,41,916,228
20,41,932,228
21,41,946,234
22,41,964,236
23,41,975,231
24,41,986,232
25,41,996,238
26,41,1000,248
27,41,956,251
28,41,958,259
29,41,960,266
30,41,962,274
31,41,941,290
32,41,950,292
33,41,958,294
34,41,965,293
35,41,972,292
36,41,908,257
37,41,917,254
38,41,925,253
39,41,933,256
40,41,925,257
41,41,917,257
42,41,969,259
43,41,977,257
44,41,984,258
45,41,989,262
46,41,983,262
47,41,976,260
48,41,924,321
49,41,937,314
50,41,950,309
51,41,957,311
52,41,963,310
53,41,972,316
54,41,979,325
55,41,971,328
56,41,963,327
57,41,956,326
58,41,949,326
59,41,936,326
60,41,928,320
61,41,950,318
62,41,957,319
63,41,963,319
64,41,975,323
65,41,963,319
66,41,956,319
67,41,949,318
0,42,860,276
1,42,860,296
2,42,859,316
3,42,862,335
4,42,873,351
5,42,890,361
6,42,909,369
7,42,930,374
8,42,952,375
9,42,973,374
10,42,987,366
11,42,999,355
12,42,1006,341
13,42,1008,325
14,42,1009,309
15,42,1009,293
16,42,1007,277
17,42,892,244
18,42,903,234
19,42,917,229
20,42,933,229
21,42,947,235
22,42,967,238
23,42,978,234
24,42,990,235
25,42,999,240
26,42,1004,250
27,42,958,255
28,42,960,262
29,42,962,269
30,42,964,277
31,42,942,293
32,42,951,295
33,42,959,297
34,42,966,297
35,42,973,295
36,42,910,259
37,42,919,257
38,42,927,256
39,42,934,259
40,42,926,260
41,42,919,260
42,42,970,262
43,42,979,262
44,42,986,263
45,42,991,266
46,42,984,266
47,42,977,265
48,42,925,325
49,42,938,317
50,42,951,313
51,42,958,316
52,42,964,314
53,42,972,319
54,42,978,329
55,42,971,331
56,42,963,331
57,42,957,330
58,42,949,329
59,42,937,329
60,42,930,324
61,42,950,322
62,42,957,323
63,42,964,323
64,42,974,328
65,42,963,324
66,42,957,324
67,42,950,323
0,43,863,284
1,43,863,304
2,43,864,324
3,43,868,343
4,43,879,358
5,43,895,368
6,43,914,375
7,43,934,378
8,43,954,380
9,43,972,378
10,43,985,371
11,43,996,361
12,43,1003,348
13,43,1007,333
14,43,1009,318
15,43,1009,302
16,43,1008,287
17,43,895,245
18,43,906,235
19,43,920,231
20,43,935,232
21,43,948,238
22,43,965,242
23,43,976,238
24,43,988,238
25,43,997,244
26,43,1001,255
27,43,958,257
28,43,960,264
29,43,962,271
30,43,964,278
31,43,944,296
32,43,952,298
33,43,960,299
34,43,966,299
35,43,972,297
36,43,912,261
37,43,921,258
38,43,929,258
39,43,936,261
40,43,928,261
41,43,921,261
42,43,969,265
43,43,977,263
44,43,984,265
45,43,990,269
46,43,983,268
47,43,976,266
48,43,929,330
49,43,942,320
50,43,953,315
51,43,959,317
52,43,964,316
53,43,971,323
54,43,976,334
55,43,971,337
56,43,964,336
57,43,958,336
58,43,951,335
59,43,941,334
60,43,934,329
61,43,952,324
62,43,958,324
63,43,963,325
64,43,973,332
65,43,964,330
66,43,958,330
67,43,952,329
0,44,863,279
1,44,863,300
2,44,863,320
3,44,868,340
4,44,878,356
5,44,893,369
6,44,912,376
7,44,932,381
8,44,953,383
9,44,971,381
10,44,985,374
11,44,996,363
12,44,1003,349
13,44,1008,333
14,44,1011,317
15,44,1011,301
16,44,1009,286
17,44,894,247
18,44,904,236
19,44,919,231
20,44,934,231
21,44,948,237
22,44,969,241
23,44,980,238
24,44,991,240
25,44,1001,246
26,44,1005,258
27,44,959,257
28,44,960,266
29,44,961,274
30,44,963,283
31,44,943,298
32,44,951,300
33,44,959,302
34,44,965,302
35,44,971,301
36,44,912,261
37,44,920,258
38,44,928,257
39,44,935,261
40,44,928,261
41,44,920,261
42,44,972,265
43,44,980,263
44,44,987,265
45,44,992,270
46,44,986,269
47,44,979,267
48,44,927,331
49,44,939,321
50,44,951,316
51,44,958,319
52,44,964,318
53,44,971,325
54,44,976,336
55,44,970,341
56,44,963,341
57,44,956,341
58,44,948,340
59,44,937,337
60,44,932,330
61,44,950,326
62,44,957,327
63,44,963,327
64,44,971,334
65,44,963,332
66,44,956,332
67,44,949,331
0,45,862,281
1,45,862,301
2,45,862,322
3,45,867,342
4,45,878,358
5,45,894,370
6,45,913,377
7,45,933,381
8,45,953,383
9,45,970,382
10,45,984,375
11,45,995,364
12,45,1002,351
13,45,1006,336
14,45,1009,320
15,45,1009,304
16,45,1008,288
17,45,894,247
18,45,905,236
19,45,919,232
20,45,934,233
21,45,948,239
22,45,969,243
23,45,979,240
24,45,991,241
25,45,1000,246
26,45,1004,257
27,45,959,258
28,45,960,267
29,45,961,276
30,45,962,286
31,45,942,300
32,45,950,302
33,45,958,304
34,45,965,303
35,45,971,303
36,45,911,261
37,45,920,258
38,45,928,258
39,45,935,262
40,45,928,262
41,45,920,262
42,45,971,266
43,45,980,264
44,45,987,266
45,45,992,270
46,45,986,270
47,45,978,268
48,45,926,332
49,45,938,323
50,45,950,318
51,45,957,320
52,45,963,319
53,45,971,326
54,45,975,338
55,45,969,342
56,45,962,343
57,45,955,343
58,45,948,341
59,45,937,338
60,45,932,331
61,45,949,328
62,45,956,329
63,45,962,329
64,45,971,336
65,45,962,332
66,45,956,332
67,45,949,331
0,46,864,282
1,46,865,302
2,46,866,321
3,46,870,340
4,46,880,355
5,46,896,366
6,46,914,373
7,46,934,378
8,46,953,380
9,46,971,379
10,46,985,372
11,46,996,362
12,46,1002,348
13,46,1005,332
14,46,1008,315
15,46,1008,299
16,46,1007,284
17,46,892,250
18,46,902,239
19,46,917,233
20,46,932,234
21,46,946,240
22,46,967,244
23,46,977,241
24,46,989,241
25,46,999,246
26,46,1004,257
27,46,957,259
28,46,959,269
29,46,960,278
30,46,961,288
31,46,942,302
32,46,950,304
33,46,958,305
34,46,965,305
35,46,971,303
36,46,910,264
37,46,918,259
38,46,926,259
39,46,935,264
40,46,927,265
41,46,918,265
42,46,969,267
43,46,978,262
44,46,986,264
45,46,993,269
46,46,986,270
47,46,978,269
48,46,928,333
49,46,940,325
50,46,951,319
51,46,957,321
52,46,963,320
53,46,971,327
54,46,976,338
55,46,970,340
56,46,963,339
57,46,957,339
58,46,950,338
59,46,940,336
60,46,933,332
61,46,951,328
62,46,957,329
63,46,962,329
64,46,972,336
65,46,962,330
66,46,957,330
67,46,951,329
0,47,866,281
1,47,867,301
2,47,867,320
3,47,872,338
4,47,882,353
5,47,898,364
6,47,917,371
7,47,936,377
8,47,955,378
9,47,972,376
10,47,985,370
11,47,997,360
12,47,1003,347
13,47,1006,331
14,47,1008,316
15,47,1009,300
16,47,1008,285
17,47,895,249
18,47,906,239
19,47,919,234
20,47,934,235
21,47,947,242
22,47,968,245
23,47,979,241
24,47,991,241
25,47,1001,246
26,47,1005,257
27,47,959,261
28,47,960,271
29,47,962,280
30,47,963,290
31,47,943,303
32,47,951,305
33,47,960,307
34,47,966,306
35,47,972,305
36,47,912,265
37,47,920,262
38,47,929,262
39,47,937,266
40,47,929,267
41,47,920,267
42,47,971,269
43,47,979,265
44,47,987,266
45,47,993,271
46,47,987,272
47,47,979,271
48,47,929,332
49,47,941,325
50,47,951,321
51,47,958,323
52,47,964,322
53,47,972,327
54,47,978,336
55,47,971,338
56,47,964,338
57,47,957,338
58,47,950,337
59,47,940,335
60,47,933,331
61,47,951,329
62,47,958,330
63,47,964,330
64,47,974,334
65,47,964,330
66,47,958,330
67,47,951,329
0,48,866,280
1,48,866,299
2,48,867,318
3,48,872,336
4,48,882,352
5,48,898,363
6,48,916,371
7,48,935,377
8,48,954,379
9,48,971,377
10,48,985,370
11,48,996,360
12,48,1003,347
13,48,1007,331
14,48,1009,315
15,48,1010,299
16,48,1009,284
17,48,897,247
18,48,908,237
19,48,922,233
20,48,936,235
21,48,949,242
22,48,970,246
23,48,980,242
24,48,991,242
25,48,1000,247
26,48,1004,257
27,48,960,261
28,48,961,271
29,48,962,280
30,48,964,290
31,48,944,303
32,48,952,305
33,48,960,308
34,48,967,307
35,48,973,305
36,48,913,263
37,48,922,260
38,48,930,260
39,48,937,265
40,48,929,265
41,48,921,265
42,48,972,269
43,48,981,265
44,48,988,266
45,48,993,271
46,48,987,272
47,48,980,271
48,48,928,331
49,48,941,324
50,48,952,321
51,48,958,323
52,48,964,322
53,48,972,327
54,48,978,336
55,48,971,338
56,48,963,338
57,48,957,338
58,48,950,337
59,48,940,334
60,48,933,330
61,48,951,329
62,48,958,331
63,48,964,331
64,48,974,334
65,48,963,330
66,48,957,330
67,48,951,329
0,49,867,281
1,49,867,300
2,49,867,319
3,49,872,338
4,49,883,353
5,49,899,364
6,49,917,371
7,49,936,376
8,49,954,379
9,49,971,377
10,49,985,371
11,49,996,360
12,49,1003,347
13,49,1006,332
14,49,1008,316
15,49,1009,301
16,49,1008,285
17,49,898,247
18,49,908,237
19,49,922,232
20,49,937,234
21,49,949,241
22,49,969,246
23,49,980,242
24,49,991,243
25,49,1000,249
26,49,1004,260
27,49,959,262
28,49,961,271
29,49,962,281
30,49,964,291
31,49,943,303
32,49,952,306
33,49,960,308
34,49,967,307
35,49,973,306
36,49,914,263
37,49,922,260
38,49,930,260
39,49,937,265
40,49,929,265
41,49,921,265
42,49,972,269
43,49,980,266
44,49,988,267
45,49,993,272
46,49,987,272
47,49,979,271
48,49,927,331
49,49,940,324
50,49,951,321
51,49,958,323
52,49,965,322
53,49,973,327
54,49,979,336
55,49,972,339
56,49,964,338
57,49,957,338
58,49,950,337
59,49,940,334
60,49,932,330
61,49,951,329
62,49,958,331
63,49,964,331
64,49,975,335
65,49,964,330
66,49,958,330
67,49,951,329
0,50,866,279
1,50,866,299
2,50,866,318
3,50,871,337
4,50,881,352
5,50,897,364
6,50,915,371
7,50,934,377
8,50,952,381
9,50,970,379
10,50,983,372
11,50,994,362
12,50,1002,350
13,50,1006,334
14,50,1009,318
15,50,1010,302
16,50,1009,286
17,50,898,247
18,50,908,238
19,50,922,234
20,50,936,237
21,50,948,244
22,50,972,248
23,50,981,244
24,50,992,245
25,50,1001,250
26,50,1004,261
27,50,960,263
28,50,961,273
29,50,963,283
30,50,964,294
31,50,943,305
32,50,952,308
33,50,960,310
34,50,966,309
35,50,973,308
36,50,914,264
37,50,922,261
38,50,930,261
39,50,937,265
40,50,929,265
41,50,922,265
42,50,973,270
43,50,981,268
44,50,988,269
45,50,993,274
46,50,987,274
47,50,980,272
48,50,928,333
49,50,941,325
50,50,951,322
51,50,958,325
52,50,964,324
53,50,972,329
54,50,978,338
55,50,971,340
56,50,963,340
57,50,957,340
58,50,950,339
59,50,940,336
60,50,932,332
61,50,951,331
62,50,957,333
63,50,964,333
64,50,974,336
65,50,963,331
66,50,957,331
67,50,951,330
0,51,867,281
1,51,867,301
2,51,867,320
3,51,871,339
4,51,881,354
5,51,897,366
6,51,915,374
7,51,934,380
8,51,953,383
9,51,970,381
10,51,984,374
11,51,995,364
12,51,1003,351
13,51,1008,336
14,51,1010,320
15,51,1010,304
16,51,1009,289
17,51,897,253
18,51,907,242
19,51,921,237
20,51,936,239
21,51,949,247
22,51,969,251
23,51,980,246
24,51,992,247
25,51,1002,254
26,51,1005,266
27,51,960,267
28,51,960,277
29,51,961,287
30,51,962,297
31,51,942,308
32,51,950,311
33,51,959,313
34,51,966,312
35,51,972,311
36,51,914,269
37,51,923,268
38,51,931,268
39,51,939,271
40,51,931,272
41,51,922,271
42,51,970,275
43,51,980,274
44,51,987,275
45,51,993,278
46,51,986,279
47,51,979,278
48,51,927,334
49,51,940,327
50,51,951,324
51,51,957,327
52,51,964,326
53,51,972,331
54,51,979,339
55,51,971,342
56,51,963,342
57,51,956,342
58,51,949,341
59,51,939,339
60,51,932,334
61,51,950,333
62,51,957,334
63,51,963,334
64,51,974,338
65,51,963,334
66,51,956,334
67,51,950,333
0,52,862,275
1,52,861,296
2,52,861,317
3,52,865,337
4,52,875,355
5,52,891,369
6,52,909,379
7,52,931,385
8,52,952,387
9,52,970,386
10,52,985,378
11,52,995,365
12,52,1004,350
13,52,1012,334
14,52,1016,316
15,52,1018,298
16,52,1017,280
17,52,888,247
18,52,899,235
19,52,913,230
20,52,930,231
21,52,944,238
22,52,968,238
23,52,980,234
24,52,993,234
25,52,1004,239
26,52,1009,252
27,52,957,257
28,52,958,270
29,52,959,284
30,52,961,297
31,52,940,309
32,52,949,312
33,52,958,315
34,52,966,313
35,52,973,310
36,52,904,257
37,52,913,251
38,52,923,252
39,52,930,259
40,52,922,260
41,52,912,260
42,52,974,261
43,52,981,254
44,52,990,254
45,52,997,261
46,52,990,263
47,52,982,262
48,52,926,338
49,52,939,331
50,52,950,328
51,52,957,330
52,52,963,328
53,52,971,333
54,52,979,341
55,52,970,343
56,52,963,344
57,52,956,344
58,52,948,343
59,52,938,342
60,52,931,338
61,52,950,336
62,52,956,336
63,52,963,336
64,52,974,340
65,52,963,336
66,52,956,336
67,52,949,335
0,53,863,280
1,53,860,300
2,53,858,320
3,53,862,341
4,53,872,358
5,53,889,371
6,53,908,380
7,53,929,387
8,53,951,388
9,53,969,385
10,53,983,377
11,53,994,365
12,53,1003,351
13,53,1009,336
14,53,1012,319
15,53,1012,303
16,53,1011,287
17,53,892,253
18,53,902,242
19,53,917,237
20,53,932,238
21,53,945,245
22,53,967,247
23,53,978,242
24,53,991,242
25,53,1001,247
26,53,1006,257
27,53,957,265
28,53,958,276
29,53,959,287
30,53,960,298
31,53,940,311
32,53,949,314
33,53,957,316
34,53,964,314
35,53,971,312
36,53,908,268
37,53,916,263
38,53,926,263
39,53,933,269
40,53,925,270
41,53,916,270
42,53,970,271
43,53,979,266
44,53,987,267
45,53,993,272
46,53,987,274
47,53,979,273
48,53,925,337
49,53,939,330
50,53,950,326
51,53,956,329
52,53,962,328
53,53,971,333
54,53,978,341
55,53,969,343
56,53,961,343
57,53,954,343
58,53,947,342
59,53,937,341
60,53,930,336
61,53,949,336
62,53,955,337
63,53,962,337
64,53,973,339
65,53,961,335
66,53,955,335
67,53,948,334
0,54,859,279
1,54,858,300
2,54,857,320
3,54,860,341
4,54,870,358
5,54,886,370
6,54,906,378
7,54,928,384
8,54,948,385
9,54,966,385
10,54,980,379
11,54,991,367
12,54,999,354
13,54,1004,337
14,54,1008,320
15,54,1009,302
16,54,1008,285
17,54,889,251
18,54,899,241
19,54,914,237
20,54,929,238
21,54,943,244
22,54,964,247
23,54,977,243
24,54,989,244
25,54,999,249
26,54,1005,259
27,54,955,264
28,54,957,276
29,54,959,287
30,54,961,299
31,54,940,311
32,54,948,313
33,54,956,316
34,54,963,315
35,54,969,313
36,54,904,263
37,54,913,259
38,54,923,259
39,54,929,266
40,54,922,267
41,54,912,266
42,54,969,269
43,54,977,264
44,54,986,265
45,54,992,271
46,54,986,273
47,54,977,272
48,54,924,339
49,54,937,331
50,54,948,327
51,54,955,330
52,54,962,328
53,54,969,334
54,54,975,344
55,54,968,344
56,54,961,344
57,54,954,343
58,54,946,342
59,54,936,341
60,54,929,338
61,54,948,336
62,54,955,337
63,54,961,337
64,54,971,342
65,54,961,336
66,54,954,336
67,54,947,335
0,55,860,280
1,55,858,300
2,55,857,320
3,55,859,341
4,55,869,358
5,55,886,371
6,55,906,381
7,55,927,389
8,55,947,391
9,55,965,390
10,55,978,382
11,55,989,370
12,55,999,356
13,55,1005,339
14,55,1010,322
15,55,1011,305
16,55,1009,288
17,55,888,253
18,55,898,241
19,55,913,235
20,55,929,236
21,55,943,242
22,55,964,244
23,55,977,242
24,55,991,244
25,55,1001,251
26,55,1006,264
27,55,955,263
28,55,956,274
29,55,958,286
30,55,960,298
31,55,940,311
32,55,948,313
33,55,956,316
34,55,962,315
35,55,969,313
36,55,904,263
37,55,913,258
38,55,923,258
39,55,930,265
40,55,922,266
41,55,912,265
42,55,969,269
43,55,977,264
44,55,986,265
45,55,992,272
46,55,986,272
47,55,977,271
48,55,925,338
49,55,938,331
50,55,949,328
51,55,956,330
52,55,962,329
53,55,970,335
54,55,975,344
55,55,968,343
56,55,961,343
57,55,954,343
58,55,946,342
59,55,936,341
60,55,930,337
61,55,948,336
62,55,955,337
63,55,962,337
64,55,971,342
65,55,961,335
66,55,954,335
67,55,948,334
0,56,862,276
1,56,859,297
2,56,857,317
3,56,860,338
4,56,870,356
5,56,887,370
6,56,907,380
7,56,929,388
8,56,950,389
9,56,968,387
10,56,982,377
11,56,993,365
12,56,1002,351
13,56,1008,334
14,56,1011,317
15,56,1011,301
16,56,1010,285
17,56,894,252
18,56,904,242
19,56,917,237
20,56,932,238
21,56,945,245
22,56,969,248
23,56,980,244
24,56,991,244
25,56,1001,248
26,56,1005,258
27,56,958,265
28,56,959,276
29,56,960,287
30,56,962,298
31,56,941,310
32,56,949,313
33,56,957,316
34,56,964,314
35,56,970,312
36,56,908,267
37,56,917,263
38,56,926,264
39,56,934,268
40,56,926,269
41,56,917,269
42,56,971,272
43,56,980,268
44,56,988,269
45,56,994,274
46,56,987,275
47,56,979,274
48,56,925,337
49,56,939,330
50,56,950,327
51,56,956,329
52,56,963,328
53,56,971,333
54,56,977,341
55,56,970,344
56,56,962,344
57,56,955,343
58,56,947,343
59,56,937,341
60,56,930,336
61,56,949,336
62,56,956,337
63,56,962,337
64,56,973,340
65,56,962,335
66,56,955,336
67,56,949,335
0,57,862,279
1,57,860,299
2,57,857,320
3,57,860,340
4,57,869,357
5,57,886,371
6,57,906,380
7,57,927,388
8,57,947,390
9,57,965,388
10,57,979,379
11,57,991,367
12,57,1000,353
13,57,1007,338
14,57,1011,322
15,57,1011,306
16,57,1010,290
17,57,894,253
18,57,904,242
19,57,918,238
20,57,932,239
21,57,945,244
22,57,968,247
23,57,979,244
24,57,990,245
25,57,999,249
26,57,1003,259
27,57,957,265
28,57,958,276
29,57,959,287
30,57,961,299
31,57,940,311
32,57,948,314
33,57,956,316
34,57,964,315
35,57,970,313
36,57,909,267
37,57,917,264
38,57,926,264
39,57,933,269
40,57,926,270
41,57,917,269
42,57,971,272
43,57,979,269
44,57,986,270
45,57,991,275
46,57,986,276
47,57,978,274
48,57,925,337
49,57,938,331
50,57,949,328
51,57,956,330
52,57,963,329
53,57,970,334
54,57,975,341
55,57,968,342
56,57,960,343
57,57,953,343
58,57,946,342
59,57,936,341
60,57,930,337
61,57,948,336
62,57,955,337
63,57,962,337
64,57,971,340
65,57,961,335
66,57,954,336
67,57,947,335
0,58,858,277
1,58,857,300
2,58,857,322
3,58,861,343
4,58,872,362
5,58,889,376
6,58,909,386
7,58,930,396
8,58,950,398
9,58,967,395
10,58,980,385
11,58,991,371
12,58,1002,355
13,58,1011,337
14,58,1017,318
15,58,1018,298
16,58,1017,278
17,58,884,247
18,58,894,233
19,58,908,226
20,58,925,226
21,58,940,232
22,58,962,232
23,58,976,228
24,58,990,229
25,58,1001,236
26,58,1006,249
27,58,953,253
28,58,954,269
29,58,955,283
30,58,957,298
31,58,937,310
32,58,946,313
33,58,954,317
34,58,963,314
35,58,969,311
36,58,901,257
37,58,909,251
38,58,918,251
39,58,926,257
40,58,918,258
41,58,909,259
42,58,971,259
43,58,979,253
44,58,988,254
45,58,993,260
46,58,987,261
47,58,979,260
48,58,924,342
49,58,936,335
50,58,947,331
51,58,954,333
52,58,960,331
53,58,969,336
54,58,975,344
55,58,967,346
56,58,960,346
57,58,953,347
58,58,946,347
59,58,935,345
60,58,929,341
61,58,947,339
62,58,953,340
63,58,960,339
64,58,971,342
65,58,960,338
66,58,953,339
67,58,946,338
0,59,857,279
1,59,855,301
2,59,855,322
3,59,860,343
4,59,871,360
5,59,889,373
6,59,909,382
7,59,929,390
8,59,949,391
9,59,965,390
10,59,978,381
11,59,989,368
12,59,998,353
13,59,1005,336
14,59,1009,318
15,59,1010,299
16,59,1008,281
17,59,885,251
18,59,894,239
19,59,909,233
20,59,925,233
21,59,939,238
22,59,961,238
23,59,973,233
24,59,986,233
25,59,997,238
26,59,1002,250
27,59,952,261
28,59,954,274
29,59,956,286
30,59,958,299
31,59,938,313
32,59,946,316
33,59,955,318
34,59,962,316
35,59,968,314
36,59,900,263
37,59,909,257
38,59,919,257
39,59,926,264
40,59,919,265
41,59,909,265
42,59,967,264
43,59,975,258
44,59,984,258
45,59,990,264
46,59,984,266
47,59,975,266
48,59,923,341
49,59,936,333
50,59,947,330
51,59,954,332
52,59,960,330
53,59,968,335
54,59,975,343
55,59,968,346
56,59,960,346
57,59,953,346
58,59,946,346
59,59,936,344
60,59,929,340
61,59,947,338
62,59,953,339
63,59,960,339
64,59,971,342
65,59,959,338
66,59,953,339
67,59,947,338
0,60,859,284
1,60,858,304
2,60,857,325
3,60,862,345
4,60,874,362
5,60,891,374
6,60,910,383
7,60,930,389
8,60,949,390
9,60,966,389
10,60,978,380
11,60,989,368
12,60,998,353
13,60,1004,337
14,60,1007,320
15,60,1008,303
16,60,1006,287
17,60,890,254
18,60,899,243
19,60,913,237
20,60,928,238
21,60,941,243
22,60,965,244
23,60,976,239
24,60,988,239
25,60,997,243
26,60,1001,254
27,60,954,264
28,60,955,275
29,60,957,286
30,60,959,297
31,60,939,312
32,60,947,314
33,60,955,316
34,60,962,314
35,60,968,312
36,60,905,269
37,60,913,263
38,60,922,263
39,60,930,269
40,60,922,271
41,60,913,271
42,60,967,270
43,60,976,264
44,60,984,264
45,60,990,271
46,60,985,273
47,60,976,272
48,60,924,339
49,60,938,333
50,60,948,329
51,60,954,331
52,60,960,330
53,60,968,335
54,60,975,343
55,60,967,345
56,60,960,345
57,60,953,346
58,60,946,345
59,60,937,343
60,60,929,339
61,60,948,338
62,60,953,338
63,60,960,338
64,60,971,342
65,60,960,338
66,60,953,338
67,60,947,337
0,61,858,280
1,61,856,301
2,61,856,322
3,61,859,343
4,61,870,360
5,61,887,373
6,61,907,381
7,61,929,386
8,61,949,387
9,61,967,386
10,61,980,379
11,61,991,368
12,61,998,354
13,61,1003,336
14,61,1006,319
15,61,1006,301
16,61,1004,284
17,61,891,251
18,61,901,241
19,61,915,236
20,61,929,238
21,61,942,244
22,61,963,246
23,61,974,242
24,61,984,242
25,61,994,246
26,61,998,256
27,61,954,264
28,61,955,275
29,61,957,286
30,61,959,297
31,61,939,311
32,61,947,314
33,61,955,316
34,61,962,315
35,61,968,313
36,61,906,267
37,61,915,263
38,61,923,263
39,61,930,268
40,61,923,269
41,61,914,269
42,61,966,271
43,61,975,267
44,61,982,267
45,61,987,273
46,61,982,274
47,61,974,273
48,61,923,338
49,61,936,332
50,61,947,328
51,61,954,330
52,61,961,329
53,61,969,334
54,61,975,342
55,61,968,345
56,61,960,345
57,61,953,345
58,61,946,344
59,61,936,342
60,61,928,338
61,61,947,337
62,61,953,338
63,61,960,338
64,61,971,341
65,61,960,338
66,61,954,338
67,61,947,337
